{
    "optimization_date": "2025-06-11 21:42:28",
    "top_parameters": [
        {
            "trial_number": 947,
            "score": -0.056975326904051604,
            "parameters": {
                "min_risk_percentage": 0.0050041532416373125,
                "max_risk_percentage": 0.005182666378854539,
                "risk_scaling_factor": 2.037566427143083,
                "risk_reward_ratio": 1.622259007975359,
                "min_predicted_move": 0.009747091426183766,
                "partial_take_profit": 0.8204268285341494,
                "min_holding_period": 18,
                "max_holding_period": 33,
                "max_concurrent_trades": 1,
                "window_fraction": 0.4509261875337585,
                "retrain_fraction": 0.3259509734171642,
                "calculated_window_size": 14424,
                "calculated_retrain_interval": 4701
            },
            "metrics": {
                "total_return": 78.81461255951668,
                "sharpe_ratio": 0.2752687088269646,
                "win_rate": 46.3768115942029,
                "max_drawdown": -5.69753269040516,
                "trade_count": 897
            }
        },
        {
            "trial_number": 1085,
            "score": -0.05887052521915237,
            "parameters": {
                "min_risk_percentage": 0.005283307448948256,
                "max_risk_percentage": 0.0053277589432769315,
                "risk_scaling_factor": 2.150158076877328,
                "risk_reward_ratio": 1.5818716242389075,
                "min_predicted_move": 0.009835542505248353,
                "partial_take_profit": 0.8276905064550767,
                "min_holding_period": 19,
                "max_holding_period": 31,
                "max_concurrent_trades": 1,
                "window_fraction": 0.4434618841062317,
                "retrain_fraction": 0.531714047696702,
                "calculated_window_size": 14185,
                "calculated_retrain_interval": 7542
            },
            "metrics": {
                "total_return": 75.35191140478614,
                "sharpe_ratio": 0.2630716892396091,
                "win_rate": 46.770601336302896,
                "max_drawdown": -5.887052521915237,
                "trade_count": 898
            }
        },
        {
            "trial_number": 1039,
            "score": -0.05936703881715677,
            "parameters": {
                "min_risk_percentage": 0.0055106463559149305,
                "max_risk_percentage": 0.005536822401028868,
                "risk_scaling_factor": 2.091970601141635,
                "risk_reward_ratio": 1.6798781425169338,
                "min_predicted_move": 0.009793295060998531,
                "partial_take_profit": 0.8193112441643653,
                "min_holding_period": 19,
                "max_holding_period": 32,
                "max_concurrent_trades": 1,
                "window_fraction": 0.4171739666176147,
                "retrain_fraction": 0.503431214307281,
                "calculated_window_size": 13344,
                "calculated_retrain_interval": 6717
            },
            "metrics": {
                "total_return": 95.13332872099186,
                "sharpe_ratio": 0.2817404570421548,
                "win_rate": 45.42586750788644,
                "max_drawdown": -5.936703881715677,
                "trade_count": 951
            }
        },
        {
            "trial_number": 957,
            "score": -0.05944785971508814,
            "parameters": {
                "min_risk_percentage": 0.00526556133257188,
                "max_risk_percentage": 0.005294769154682661,
                "risk_scaling_factor": 2.051413859142694,
                "risk_reward_ratio": 1.6562598146551635,
                "min_predicted_move": 0.009980674469108558,
                "partial_take_profit": 0.8178868639531013,
                "min_holding_period": 18,
                "max_holding_period": 33,
                "max_concurrent_trades": 1,
                "window_fraction": 0.4261269405655254,
                "retrain_fraction": 0.3231823648915972,
                "calculated_window_size": 13631,
                "calculated_retrain_interval": 4405
            },
            "metrics": {
                "total_return": 74.86053101693768,
                "sharpe_ratio": 0.25763448607922707,
                "win_rate": 45.36312849162012,
                "max_drawdown": -5.944785971508814,
                "trade_count": 895
            }
        },
        {
            "trial_number": 748,
            "score": -0.05966037723950068,
            "parameters": {
                "min_risk_percentage": 0.005014269793502389,
                "max_risk_percentage": 0.005033683271287222,
                "risk_scaling_factor": 2.1335724434392787,
                "risk_reward_ratio": 1.654510374976092,
                "min_predicted_move": 0.009768353615384428,
                "partial_take_profit": 0.8006218235163011,
                "min_holding_period": 17,
                "max_holding_period": 35,
                "max_concurrent_trades": 1,
                "window_fraction": 0.4868142258129677,
                "retrain_fraction": 0.35554949373176065,
                "calculated_window_size": 15572,
                "calculated_retrain_interval": 5536
            },
            "metrics": {
                "total_return": 63.27112362052934,
                "sharpe_ratio": 0.2435318651457874,
                "win_rate": 45.254629629629626,
                "max_drawdown": -5.966037723950068,
                "trade_count": 864
            }
        },
        {
            "trial_number": 777,
            "score": -0.059844643935927255,
            "parameters": {
                "min_risk_percentage": 0.005031437992721502,
                "max_risk_percentage": 0.005126362281925525,
                "risk_scaling_factor": 2.014567752209918,
                "risk_reward_ratio": 1.5549080679700216,
                "min_predicted_move": 0.009355760759364897,
                "partial_take_profit": 0.7755042089205513,
                "min_holding_period": 16,
                "max_holding_period": 32,
                "max_concurrent_trades": 1,
                "window_fraction": 0.48531453578735895,
                "retrain_fraction": 0.2991766307420023,
                "calculated_window_size": 15524,
                "calculated_retrain_interval": 4644
            },
            "metrics": {
                "total_return": 60.15751232904949,
                "sharpe_ratio": 0.23365027183168458,
                "win_rate": 46.59340659340659,
                "max_drawdown": -5.9844643935927255,
                "trade_count": 910
            }
        },
        {
            "trial_number": 1041,
            "score": -0.060032508503783506,
            "parameters": {
                "min_risk_percentage": 0.005261996883079094,
                "max_risk_percentage": 0.005292239755663535,
                "risk_scaling_factor": 2.1026249307216975,
                "risk_reward_ratio": 1.6123591972178186,
                "min_predicted_move": 0.00971660468115551,
                "partial_take_profit": 0.8182299586279992,
                "min_holding_period": 19,
                "max_holding_period": 31,
                "max_concurrent_trades": 1,
                "window_fraction": 0.41074665832575996,
                "retrain_fraction": 0.5242482188434989,
                "calculated_window_size": 13139,
                "calculated_retrain_interval": 6888
            },
            "metrics": {
                "total_return": 71.80944208337718,
                "sharpe_ratio": 0.2473871832230457,
                "win_rate": 45.95744680851064,
                "max_drawdown": -6.00325085037835,
                "trade_count": 940
            }
        },
        {
            "trial_number": 1003,
            "score": -0.06029574291229157,