{
    "optimization_date": "2025-04-29 20:21:56",
    "top_parameters": [
        {
            "trial_number": 5,
            "score": 0.6203482695080303,
            "parameters": {
                "min_risk_percentage": 0.017125960221746915,
                "max_risk_percentage": 0.019734361868676685,
                "risk_scaling_factor": 1.6465081710095757,
                "risk_reward_ratio": 2.526349539768235,
                "min_predicted_move": 0.007200762468698007,
                "window_fraction": 0.06979873507394162,
                "retrain_fraction": 0.5204180646057067,
                "calculated_window_size": 2228,
                "calculated_retrain_interval": 1159
            },
            "metrics": {
                "total_return": 14821.058563302653,
                "sharpe_ratio": 0.6203482695080303,
                "win_rate": 35.003684598378776,
                "max_drawdown": -21.784490752561513,
                "trade_count": 4071
            }
        },
        {
            "trial_number": 0,
            "score": 0.5775126738515847,
            "parameters": {
                "min_risk_percentage": 0.010618101782710436,
                "max_risk_percentage": 0.01566549241858016,
                "risk_scaling_factor": 2.5979909127171075,
                "risk_reward_ratio": 2.397987726295555,
                "min_predicted_move": 0.005780093202212183,
                "window_fraction": 0.08643731496473929,
                "retrain_fraction": 0.10517943155978948,
                "calculated_window_size": 2759,
                "calculated_retrain_interval": 290
            },
            "metrics": {
                "total_return": 11952.58500896045,
                "sharpe_ratio": 0.5775126738515847,
                "win_rate": 35.27115858668858,
                "max_drawdown": -20.80489638712991,
                "trade_count": 4868
            }
        },
        {
            "trial_number": 2,
            "score": 0.5587248266054913,
            "parameters": {
                "min_risk_percentage": 0.007727374508106509,
                "max_risk_percentage": 0.008435992175163106,
                "risk_scaling_factor": 1.9563633644393066,
                "risk_reward_ratio": 2.2871346474483567,
                "min_predicted_move": 0.007159725093210579,
                "window_fraction": 0.15270227869704053,
                "retrain_fraction": 0.6312602499862605,
                "calculated_window_size": 4875,
                "calculated_retrain_interval": 3077
            },
            "metrics": {
                "total_return": 5844.190867052866,
                "sharpe_ratio": 0.5587248266054913,
                "win_rate": 35.65870673463912,
                "max_drawdown": -15.597531236238071,
                "trade_count": 3727
            }
        },
        {
            "trial_number": 1,
            "score": 0.5459902984229029,
            "parameters": {
                "min_risk_percentage": 0.01799264218662403,
                "max_risk_percentage": 0.023400465846275958,
                "risk_scaling_factor": 2.5621088666940683,
                "risk_reward_ratio": 1.5308767414437037,
                "min_predicted_move": 0.009849549260809972,
                "window_fraction": 0.41789689399220664,
                "retrain_fraction": 0.25172215514436236,
                "calculated_window_size": 13341,
                "calculated_retrain_interval": 3358
            },
            "metrics": {
                "total_return": 5561.583757837581,
                "sharpe_ratio": 0.5459902984229029,
                "win_rate": 39.414040906578215,
                "max_drawdown": -19.158712544355783,
                "trade_count": 1809
            }
        },
        {
            "trial_number": 6,
            "score": 0.5368325913541164,
            "parameters": {
                "min_risk_percentage": 0.005515827816728276,
                "max_risk_percentage": 0.008023655200780619,
                "risk_scaling_factor": 1.8881699724000254,
                "risk_reward_ratio": 2.493783426530973,
                "min_predicted_move": 0.006558555380447055,
                "window_fraction": 0.2648333303771273,
                "retrain_fraction": 0.5693747653761156,
                "calculated_window_size": 8454,
                "calculated_retrain_interval": 4813
            },
            "metrics": {
                "total_return": 3860.6239594629933,
                "sharpe_ratio": 0.5368325913541164,
                "win_rate": 34.701912260967376,
                "max_drawdown": -16.48812817430215,
                "trade_count": 3556
            }
        },
        {
            "trial_number": 3,
            "score": 0.5289040052412471,
            "parameters": {
                "min_risk_percentage": 0.007092407909780628,
                "max_risk_percentage": 0.008128412417816259,
                "risk_scaling_factor": 2.0495427649405373,
                "risk_reward_ratio": 2.184104976325554,
                "min_predicted_move": 0.008925879806965069,
                "window_fraction": 0.10784015325759626,
                "retrain_fraction": 0.538522716492931,
                "calculated_window_size": 3442,
                "calculated_retrain_interval": 1853
            },
            "metrics": {
                "total_return": 3914.1879552989026,
                "sharpe_ratio": 0.5289040052412471,
                "win_rate": 35.39708265802269,
                "max_drawdown": -13.844545698347188,
                "trade_count": 3085
            }
        },
        {
            "trial_number": 4,
            "score": 0.49995196123313385,
            "parameters": {
                "min_risk_percentage": 0.013886218532930636,
                "max_risk_percentage": 0.01420872882391799,
                "risk_scaling_factor": 2.4113172778521577,
                "risk_reward_ratio": 1.7557861855309373,
                "min_predicted_move": 0.005325257964926397,
                "window_fraction": 0.4749539132541333,
                "retrain_fraction": 0.9673504314208314,
                "calculated_window_size": 15162,
                "calculated_retrain_interval": 14666
            },
            "metrics": {
                "total_return": 3715.0160939873017,
                "sharpe_ratio": 0.49995196123313385,
                "win_rate": 39.08484270734032,
                "max_drawdown": -18.7682501933785,
                "trade_count": 3147
            }
        }
    ]
}