{
    "optimization_date": "2025-05-11 22:25:37",
    "top_parameters": [
        {
            "trial_number": 348,
            "score": -0.24223644881383913,
            "parameters": {
                "min_risk_percentage": 0.005715170028461097,
                "max_risk_percentage": 0.005730877667069206,
                "risk_scaling_factor": 1.9309875559324654,
                "risk_reward_ratio": 1.8806455584455661,
                "min_predicted_move": 0.009998889723683176,
                "partial_take_profit": 0.7584560807042102,
                "min_holding_period": 14,
                "max_holding_period": 21,
                "max_concurrent_trades": 3,
                "window_fraction": 0.4567485176887605,
                "retrain_fraction": 0.963811414549401,
                "calculated_window_size": 20000,
                "calculated_retrain_interval": 19276
            },
            "metrics": {
                "total_return": 25.797174435501425,
                "sharpe_ratio": 0.05700627453939538,
                "win_rate": 36.067481093659104,
                "max_drawdown": -24.223644881383912,
                "trade_count": 1719
            }
        },
        {
            "trial_number": 333,
            "score": -0.2430208205039388,
            "parameters": {
                "min_risk_percentage": 0.0056785311639687645,
                "max_risk_percentage": 0.005799790537857201,
                "risk_scaling_factor": 1.9682072465288012,
                "risk_reward_ratio": 1.9118058437121284,
                "min_predicted_move": 0.009990973426378011,
                "partial_take_profit": 0.7673354123470348,
                "min_holding_period": 14,
                "max_holding_period": 20,
                "max_concurrent_trades": 3,
                "window_fraction": 0.4548926493801507,
                "retrain_fraction": 0.9353466318102013,
                "calculated_window_size": 20000,
                "calculated_retrain_interval": 18706
            },
            "metrics": {
                "total_return": 41.11329825247705,
                "sharpe_ratio": 0.07912846365604384,
                "win_rate": 36.41207815275311,
                "max_drawdown": -24.30208205039388,
                "trade_count": 1689
            }
        },
        {
            "trial_number": 332,
            "score": -0.2431534797857413,
            "parameters": {
                "min_risk_percentage": 0.005667662038926729,
                "max_risk_percentage": 0.005807912321790525,
                "risk_scaling_factor": 1.943198332748972,
                "risk_reward_ratio": 1.9119772100203887,
                "min_predicted_move": 0.009991762940026381,
                "partial_take_profit": 0.7692783229763971,
                "min_holding_period": 14,
                "max_holding_period": 20,
                "max_concurrent_trades": 3,
                "window_fraction": 0.45617073792014423,
                "retrain_fraction": 0.9418300519592651,
                "calculated_window_size": 20000,
                "calculated_retrain_interval": 18836
            },
            "metrics": {
                "total_return": 21.01566363350489,
                "sharpe_ratio": 0.048947275532000935,
                "win_rate": 35.995370370370374,
                "max_drawdown": -24.31534797857413,
                "trade_count": 1728
            }
        },
        {
            "trial_number": 334,
            "score": -0.2433206842395068,
            "parameters": {
                "min_risk_percentage": 0.0057621425172227885,
                "max_risk_percentage": 0.0058119942129286895,
                "risk_scaling_factor": 1.977375268524714,
                "risk_reward_ratio": 1.9126178323748,
                "min_predicted_move": 0.009986363512499657,
                "partial_take_profit": 0.7678383357521165,
                "min_holding_period": 14,
                "max_holding_period": 20,
                "max_concurrent_trades": 3,
                "window_fraction": 0.45460102176694767,
                "retrain_fraction": 0.9443343950323199,
                "calculated_window_size": 20000,
                "calculated_retrain_interval": 18886
            },
            "metrics": {
                "total_return": 23.850192102136923,
                "sharpe_ratio": 0.05322576720624862,
                "win_rate": 36.07411696583671,
                "max_drawdown": -24.33206842395068,
                "trade_count": 1727
            }
        },
        {
            "trial_number": 329,
            "score": -0.24336473216271748,
            "parameters": {
                "min_risk_percentage": 0.00564802351042784,
                "max_risk_percentage": 0.005805097664941634,
                "risk_scaling_factor": 1.9247640607189394,
                "risk_reward_ratio": 1.9101824397722047,
                "min_predicted_move": 0.009996608391972618,
                "partial_take_profit": 0.7684690560360923,
                "min_holding_period": 14,
                "max_holding_period": 20,
                "max_concurrent_trades": 3,
                "window_fraction": 0.4556083631427137,
                "retrain_fraction": 0.9410268187727575,
                "calculated_window_size": 20000,
                "calculated_retrain_interval": 18820
            },
            "metrics": {
                "total_return": 18.086652850408335,
                "sharpe_ratio": 0.04429370535499013,
                "win_rate": 35.90487238979118,
                "max_drawdown": -24.33647321627175,
                "trade_count": 1724
            }
        },
        {
            "trial_number": 331,
            "score": -0.24372366269328471,
            "parameters": {
                "min_risk_percentage": 0.0056304982007405096,
                "max_risk_percentage": 0.005806308885437147,
                "risk_scaling_factor": 1.9705028885633478,
                "risk_reward_ratio": 1.9080184183008155,
                "min_predicted_move": 0.009995266002607408,
                "partial_take_profit": 0.7683869588519402,
                "min_holding_period": 14,
                "max_holding_period": 20,
                "max_concurrent_trades": 3,
                "window_fraction": 0.45682272628188525,
                "retrain_fraction": 0.944358588120013,
                "calculated_window_size": 20000,
                "calculated_retrain_interval": 18887
            },
            "metrics": {
                "total_return": 26.888143901471693,
                "sharpe_ratio": 0.05786765212054901,
                "win_rate": 36.21683967704729,
                "max_drawdown": -24.37236626932847,
                "trade_count": 1734
            }
        },
        {
            "trial_number": 320,
            "score": -0.24412418200580122,
            "parameters": {
                "min_risk_percentage": 0.005597433962586957,
                "max_risk_percentage": 0.005906821092957031,
                "risk_scaling_factor": 1.8798888041815442,
                "risk_reward_ratio": 1.8092485142445582,
                "min_predicted_move": 0.009993427148361248,
                "partial_take_profit": 0.772176292960431,
                "min_holding_period": 14,
                "max_holding_period": 20,
                "max_concurrent_trades": 3,
                "window_fraction": 0.4583212108676116,
                "retrain_fraction": 0.9268162539150315,
                "calculated_window_size": 20000,
                "calculated_retrain_interval": 18536
            },
            "metrics": {
                "total_return": 14.880439595811822,
                "sharpe_ratio": 0.03941502313687917,
                "win_rate": 36.30987581312833,
                "max_drawdown": -24.41241820058012,
                "trade_count": 1691
            }
        },
        {
            "trial_number": 344,
            "score": -0.24503171037905191,