{
    "optimization_date": "2025-07-31 22:44:25",
    "top_parameters": [
        {
            "trial_number": 410,
            "score": 2410.709342990038,
            "parameters": {
                "min_risk_percentage": 0.008896723760156468,
                "max_risk_percentage": 0.013279057376573214,
                "risk_scaling_factor": 1.7429109176364634,
                "risk_reward_ratio": 2.974250978292436,
                "min_predicted_move": 0.005110829442750663,
                "partial_take_profit": 0.7182278203996404,
                "min_holding_period": 5,
                "max_holding_period": 6,
                "max_concurrent_trades": 8,
                "window_fraction": 0.30901204667160015,
                "retrain_fraction": 0.06853489258226086,
                "calculated_window_size": 2250,
                "calculated_retrain_interval": 154
            },
            "metrics": {
                "total_return": 241070.9342990038,
                "sharpe_ratio": 1.8629271817435866,
                "win_rate": 51.92786069651741,
                "max_drawdown": -11.793590174777336,
                "trade_count": 1608
            }
        },
        {
            "trial_number": 439,
            "score": 2397.724968739166,
            "parameters": {
                "min_risk_percentage": 0.00879347500986085,
                "max_risk_percentage": 0.013111014821710303,
                "risk_scaling_factor": 1.55850356380964,
                "risk_reward_ratio": 2.930151983948454,
                "min_predicted_move": 0.005122878489961945,
                "partial_take_profit": 0.7184411276284784,
                "min_holding_period": 5,
                "max_holding_period": 6,
                "max_concurrent_trades": 7,
                "window_fraction": 0.341901739821214,
                "retrain_fraction": 0.08702954025106022,
                "calculated_window_size": 2489,
                "calculated_retrain_interval": 216
            },
            "metrics": {
                "total_return": 239772.4968739166,
                "sharpe_ratio": 1.8725029247277536,
                "win_rate": 52.21183800623053,
                "max_drawdown": -11.827869427565451,
                "trade_count": 1605
            }
        },
        {
            "trial_number": 404,
            "score": 2356.147944106353,
            "parameters": {
                "min_risk_percentage": 0.009026709545555739,
                "max_risk_percentage": 0.013456738892452486,
                "risk_scaling_factor": 1.7002132250611948,
                "risk_reward_ratio": 2.9978346351488026,
                "min_predicted_move": 0.005132233707855307,
                "partial_take_profit": 0.7206004015463592,
                "min_holding_period": 5,
                "max_holding_period": 6,
                "max_concurrent_trades": 8,
                "window_fraction": 0.34811972010286835,
                "retrain_fraction": 0.0680644999032734,
                "calculated_window_size": 2535,
                "calculated_retrain_interval": 172
            },
            "metrics": {
                "total_return": 235614.7944106353,
                "sharpe_ratio": 1.860393967387564,
                "win_rate": 51.84259837601499,
                "max_drawdown": -11.774105321810357,
                "trade_count": 1601
            }
        },
        {
            "trial_number": 401,
            "score": 2354.1401794021203,
            "parameters": {
                "min_risk_percentage": 0.009552241081599374,
                "max_risk_percentage": 0.013684623832236745,
                "risk_scaling_factor": 1.7151041825193378,
                "risk_reward_ratio": 2.9551805906535775,
                "min_predicted_move": 0.0051084676066854824,
                "partial_take_profit": 0.7104154822329063,
                "min_holding_period": 5,
                "max_holding_period": 6,
                "max_concurrent_trades": 9,
                "window_fraction": 0.33378882737605514,
                "retrain_fraction": 0.050075933542516694,
                "calculated_window_size": 2430,
                "calculated_retrain_interval": 121
            },
            "metrics": {
                "total_return": 235414.01794021204,
                "sharpe_ratio": 1.872621481430668,
                "win_rate": 52.01988812927284,
                "max_drawdown": -11.828225241293799,
                "trade_count": 1609
            }
        },
        {
            "trial_number": 518,
            "score": 2325.317596535991,
            "parameters": {
                "min_risk_percentage": 0.008320066968588084,
                "max_risk_percentage": 0.012452199077114071,
                "risk_scaling_factor": 1.7538873719214187,
                "risk_reward_ratio": 2.9996305424679686,
                "min_predicted_move": 0.0051763828933645865,
                "partial_take_profit": 0.7231859060110977,
                "min_holding_period": 5,
                "max_holding_period": 6,
                "max_concurrent_trades": 7,
                "window_fraction": 0.3749863950564126,
                "retrain_fraction": 0.14430283663519428,
                "calculated_window_size": 2730,
                "calculated_retrain_interval": 393
            },
            "metrics": {
                "total_return": 232531.7596535991,
                "sharpe_ratio": 1.871193987148003,
                "win_rate": 51.91703331238215,
                "max_drawdown": -11.76358274283038,
                "trade_count": 1591
            }
        },
        {
            "trial_number": 357,
            "score": 2314.0447202237015,
            "parameters": {
                "min_risk_percentage": 0.010283187917978226,
                "max_risk_percentage": 0.014011061080564404,
                "risk_scaling_factor": 1.5093578601790973,
                "risk_reward_ratio": 2.974905210377169,
                "min_predicted_move": 0.005181961677502891,
                "partial_take_profit": 0.7106904935588976,
                "min_holding_period": 5,
                "max_holding_period": 6,
                "max_concurrent_trades": 7,
                "window_fraction": 0.17243300301312436,
                "retrain_fraction": 0.05426643659885513,
                "calculated_window_size": 1255,
                "calculated_retrain_interval": 68
            },
            "metrics": {
                "total_return": 231404.47202237014,
                "sharpe_ratio": 1.873228910944368,
                "win_rate": 52.075471698113205,
                "max_drawdown": -11.814938568315592,
                "trade_count": 1590
            }
        },
        {
            "trial_number": 299,
            "score": 2308.1062511420314,
            "parameters": {
                "min_risk_percentage": 0.009177885424515891,
                "max_risk_percentage": 0.013660588504697651,
                "risk_scaling_factor": 2.886772276387195,
                "risk_reward_ratio": 2.9747881968075833,
                "min_predicted_move": 0.005169301988266958,
                "partial_take_profit": 0.7330993685243489,
                "min_holding_period": 5,
                "max_holding_period": 6,
                "max_concurrent_trades": 6,
                "window_fraction": 0.2072541692835671,
                "retrain_fraction": 0.3568384214818229,
                "calculated_window_size": 1509,
                "calculated_retrain_interval": 538
            },
            "metrics": {
                "total_return": 230810.62511420314,
                "sharpe_ratio": 1.870139548694455,
                "win_rate": 51.97492163009404,
                "max_drawdown": -11.75450668992285,
                "trade_count": 1595
            }
        },
        {
            "trial_number": 340,
            "score": 2291.175861874888,