{
    "optimization_date": "2025-10-04 13:14:29",
    "top_parameters": [
        {
            "trial_number": 1605,
            "score": 76672414.56583492,
            "trading_parameters": {
                "min_risk_percentage": 0.166116101686702,
                "max_risk_percentage": 0.72910312515355,
                "risk_scaling_factor": 2.810894735034883,
                "risk_reward_ratio": 1.9475937758684003,
                "min_predicted_move": 0.005249181572122793,
                "partial_take_profit": 0.8158426307375336,
                "min_holding_period": 20,
                "max_holding_period": 63,
                "max_concurrent_trades": 7,
                "stop_loss_atr_multiplier": 1.1392661059812488,
                "atr_predicted_weight": 0.27595429613948874,
                "aggressiveness": 3.478895668999351,
                "feature_count_k": 26,
                "window_fraction": 0.46461969695529914,
                "calculated_window_size": 33880
            },
            "model_parameters": {
                "learning_rate": 0.08756625379937401,
                "n_estimators": 1366,
                "max_depth": 5,
                "max_leaves": 36,
                "min_child_weight": 0.6894120769740582,
                "gamma": 0.1925456272650492,
                "subsample": 0.9334546855864236,
                "colsample_bytree": 0.4448986278464316,
                "colsample_bylevel": 0.9536809078007669,
                "reg_lambda": 1.844693074360457,
                "reg_alpha": 0.14621304476183838
            },
            "metrics": {
                "total_return": 2371908.8420244446,
                "sharpe_ratio": 2.063887783638335,
                "win_rate": 56.647619047619045,
                "max_drawdown": -6.756062749379932,
                "cagr": 518003643.9532527,
                "mar": 76672414.56583492,
                "trade_count": 2625
            }
        },
        {
            "trial_number": 1617,
            "score": 68946540.88106865,
            "trading_parameters": {
                "min_risk_percentage": 0.16703628892567787,
                "max_risk_percentage": 0.7309691956829757,
                "risk_scaling_factor": 2.794046863142025,
                "risk_reward_ratio": 2.024269342420466,
                "min_predicted_move": 0.005302416065889179,
                "partial_take_profit": 0.8276621396464696,
                "min_holding_period": 22,
                "max_holding_period": 65,
                "max_concurrent_trades": 7,
                "stop_loss_atr_multiplier": 0.9276607329189916,
                "atr_predicted_weight": 0.3210647319081859,
                "aggressiveness": 3.4400092605876216,
                "feature_count_k": 25,
                "window_fraction": 0.4662960647123132,
                "calculated_window_size": 34002
            },
            "model_parameters": {
                "learning_rate": 0.09867700161098529,
                "n_estimators": 1350,
                "max_depth": 5,
                "max_leaves": 36,
                "min_child_weight": 0.6526231477591221,
                "gamma": 0.17456823841664526,
                "subsample": 0.9328673230820137,
                "colsample_bytree": 0.44888836088561324,
                "colsample_bylevel": 0.9481836720181778,
                "reg_lambda": 1.5046772187471245,
                "reg_alpha": 0.22153220477401267
            },
            "metrics": {
                "total_return": 2224277.557676694,
                "sharpe_ratio": 2.08357751634125,
                "win_rate": 55.4489639293937,
                "max_drawdown": -6.807556172393026,
                "cagr": 469357449.940067,
                "mar": 68946540.88106865,
                "trade_count": 2606
            }
        },
        {
            "trial_number": 1593,
            "score": 68645830.16109955,
            "trading_parameters": {
                "min_risk_percentage": 0.17753555654025405,
                "max_risk_percentage": 0.7232977975916833,
                "risk_scaling_factor": 2.8206540252678454,
                "risk_reward_ratio": 1.8758550634905413,
                "min_predicted_move": 0.005107644606303776,
                "partial_take_profit": 0.8018456860157163,
                "min_holding_period": 19,
                "max_holding_period": 63,
                "max_concurrent_trades": 7,
                "stop_loss_atr_multiplier": 1.331894978999345,
                "atr_predicted_weight": 0.3005338871985611,
                "aggressiveness": 3.5595611263322984,
                "feature_count_k": 27,
                "window_fraction": 0.46219605656077484,
                "calculated_window_size": 33703
            },
            "model_parameters": {
                "learning_rate": 0.0859891513887042,
                "n_estimators": 1369,
                "max_depth": 5,
                "max_leaves": 35,
                "min_child_weight": 0.689294820607635,
                "gamma": 0.24278869606625836,
                "subsample": 0.9391826878497987,
                "colsample_bytree": 0.4420160326880021,
                "colsample_bylevel": 0.9700135763055677,
                "reg_lambda": 1.642286283887527,
                "reg_alpha": 0.15112841925557197
            },
            "metrics": {
                "total_return": 2237043.9640178685,
                "sharpe_ratio": 2.0825477114422033,
                "win_rate": 58.67544539116963,
                "max_drawdown": -6.897692845555459,
                "cagr": 473497851.57943153,
                "mar": 68645830.16109955,
                "trade_count": 2582
            }
        },
        {
            "trial_number": 1619,
            "score": 68290370.93908535,
            "trading_parameters": {
                "min_risk_percentage": 0.16114077227685697,
                "max_risk_percentage": 0.718720582241213,
                "risk_scaling_factor": 2.792287327473501,
                "risk_reward_ratio": 2.063288485393081,
                "min_predicted_move": 0.005316731619094185,
                "partial_take_profit": 0.8338430387100051,
                "min_holding_period": 22,
                "max_holding_period": 65,
                "max_concurrent_trades": 7,
                "stop_loss_atr_multiplier": 0.8489626304114364,
                "atr_predicted_weight": 0.3034852403473848,
                "aggressiveness": 3.4818151198553853,
                "feature_count_k": 25,
                "window_fraction": 0.46606844743062253,
                "calculated_window_size": 33986
            },
            "model_parameters": {
                "learning_rate": 0.09666768244151416,
                "n_estimators": 1356,
                "max_depth": 5,
                "max_leaves": 36,
                "min_child_weight": 0.6489147301094633,
                "gamma": 0.17079706544647286,
                "subsample": 0.9320038675148845,
                "colsample_bytree": 0.4488182948072231,
                "colsample_bylevel": 0.945922211113323,
                "reg_lambda": 1.493971517922883,
                "reg_alpha": 0.2228752841103007
            },
            "metrics": {
                "total_return": 2296535.62316197,
                "sharpe_ratio": 2.0897371857126688,
                "win_rate": 54.752143123369365,
                "max_drawdown": -6.767799729196932,
                "cagr": 462175553.9482999,
                "mar": 68290370.93908535,
                "trade_count": 2683
            }
        },
        {
            "trial_number": 1592,
            "score": 65103011.453185834,
            "trading_parameters": {
                "min_risk_percentage": 0.1780225827763368,
                "max_risk_percentage": 0.7398185883240715,
                "risk_scaling_factor": 2.860334907265278,
                "risk_reward_ratio": 1.88505080507674,
                "min_predicted_move": 0.005104027082541993,