{
    "optimization_date": "2025-09-13 10:22:47",
    "top_parameters": [
        {
            "trial_number": 686,
            "score": 7548.876794869048,
            "parameters": {
                "min_risk_percentage": 0.013278226616841424,
                "max_risk_percentage": 0.15828651179079864,
                "risk_scaling_factor": 1.9557494563103912,
                "risk_reward_ratio": 2.4746799924995764,
                "min_predicted_move": 0.005695475106903262,
                "partial_take_profit": 0.7306010707002623,
                "min_holding_period": 5,
                "max_holding_period": 6,
                "max_concurrent_trades": 2,
                "stop_loss_atr_multiplier": 1.4418466230357176,
                "window_fraction": 0.01971826359227429,
                "retrain_fraction": 0.4623763744605009,
                "calculated_window_size": 300,
                "calculated_retrain_interval": 138
            },
            "metrics": {
                "total_return": 754887.6794869049,
                "sharpe_ratio": 0.3375149532422959,
                "win_rate": 50.39145907473309,
                "max_drawdown": -99.99999998168563,
                "trade_count": 1405
            }
        },
        {
            "trial_number": 857,
            "score": 7412.339262953397,
            "parameters": {
                "min_risk_percentage": 0.01203815584753238,
                "max_risk_percentage": 0.15599008444022633,
                "risk_scaling_factor": 1.8580029057541279,
                "risk_reward_ratio": 2.2722864473089452,
                "min_predicted_move": 0.005935807286984734,
                "partial_take_profit": 0.7186988141829097,
                "min_holding_period": 5,
                "max_holding_period": 6,
                "max_concurrent_trades": 1,
                "stop_loss_atr_multiplier": 1.589242601702173,
                "window_fraction": 0.010524072989983027,
                "retrain_fraction": 0.47172263268802933,
                "calculated_window_size": 300,
                "calculated_retrain_interval": 141
            },
            "metrics": {
                "total_return": 741233.9262953397,
                "sharpe_ratio": 0.5182273143297479,
                "win_rate": 51.25184094256259,
                "max_drawdown": -99.99999998150227,
                "trade_count": 1358
            }
        },
        {
            "trial_number": 703,
            "score": 7372.565592096306,
            "parameters": {
                "min_risk_percentage": 0.013419599695544073,
                "max_risk_percentage": 0.21993672783585327,
                "risk_scaling_factor": 1.9591627675799232,
                "risk_reward_ratio": 2.4357191971593948,
                "min_predicted_move": 0.005709115719118706,
                "partial_take_profit": 0.7287734499371962,
                "min_holding_period": 5,
                "max_holding_period": 6,
                "max_concurrent_trades": 2,
                "stop_loss_atr_multiplier": 1.4611892128343915,
                "window_fraction": 0.021927242766318366,
                "retrain_fraction": 0.4733129633008226,
                "calculated_window_size": 300,
                "calculated_retrain_interval": 141
            },
            "metrics": {
                "total_return": 737256.5592096306,
                "sharpe_ratio": 0.49592994363052534,
                "win_rate": 50.646551724137936,
                "max_drawdown": -99.99999992569431,
                "trade_count": 1392
            }
        },
        {
            "trial_number": 1017,
            "score": 7105.455248131478,
            "parameters": {
                "min_risk_percentage": 0.014122985193909688,
                "max_risk_percentage": 0.4151820841393298,
                "risk_scaling_factor": 1.8734382099859939,
                "risk_reward_ratio": 2.1725370307841576,
                "min_predicted_move": 0.006053824471261579,
                "partial_take_profit": 0.7445349446141211,
                "min_holding_period": 5,
                "max_holding_period": 6,
                "max_concurrent_trades": 3,
                "stop_loss_atr_multiplier": 1.4535869261482715,
                "window_fraction": 0.04760422185234427,
                "retrain_fraction": 0.5068319177762791,
                "calculated_window_size": 586,
                "calculated_retrain_interval": 297
            },
            "metrics": {
                "total_return": 710545.5248131477,
                "sharpe_ratio": 0.38790394303552295,
                "win_rate": 53.45080763582967,
                "max_drawdown": -99.99999996115314,
                "trade_count": 1362
            }
        },
        {
            "trial_number": 816,
            "score": 6982.8652868464915,
            "parameters": {
                "min_risk_percentage": 0.01237625899716501,
                "max_risk_percentage": 0.15661620138399046,
                "risk_scaling_factor": 1.8994854365673366,
                "risk_reward_ratio": 2.4068260825770365,
                "min_predicted_move": 0.005754965694981688,
                "partial_take_profit": 0.728396016804061,
                "min_holding_period": 5,
                "max_holding_period": 5,
                "max_concurrent_trades": 1,
                "stop_loss_atr_multiplier": 1.2785585895501235,
                "window_fraction": 0.03632825535189123,
                "retrain_fraction": 0.5132404967344754,
                "calculated_window_size": 447,
                "calculated_retrain_interval": 229
            },
            "metrics": {
                "total_return": 698286.5286846492,
                "sharpe_ratio": 0.3468323398111215,
                "win_rate": 56.51886168100596,
                "max_drawdown": -99.9999999836443,
                "trade_count": 1511
            }
        },
        {
            "trial_number": 919,
            "score": 6942.77871799989,
            "parameters": {
                "min_risk_percentage": 0.013329991591749754,
                "max_risk_percentage": 0.4151820841393298,
                "risk_scaling_factor": 1.913456142975693,
                "risk_reward_ratio": 2.2058674560084373,
                "min_predicted_move": 0.005413254465047724,
                "partial_take_profit": 0.7280919376634372,
                "min_holding_period": 5,
                "max_holding_period": 6,
                "max_concurrent_trades": 1,
                "stop_loss_atr_multiplier": 1.3974507323565302,
                "window_fraction": 0.02983964867609091,
                "retrain_fraction": 0.5262026965143111,
                "calculated_window_size": 367,
                "calculated_retrain_interval": 193
            },
            "metrics": {
                "total_return": 694277.871799989,
                "sharpe_ratio": 0.846016992760987,
                "win_rate": 51.58891142663962,
                "max_drawdown": -99.99999978793397,
                "trade_count": 1479
            }
        },
        {
            "trial_number": 746,
            "score": 6921.6556195457615,
            "parameters": {
                "min_risk_percentage": 0.013739808884433092,
                "max_risk_percentage": 0.15914129376782024,
                "risk_scaling_factor": 1.9849572275723635,
                "risk_reward_ratio": 2.3858958192321573,
                "min_predicted_move": 0.005948997512766565,
                "partial_take_profit": 0.7320834369333784,
                "min_holding_period": 5,
                "max_holding_period": 6,
                "max_concurrent_trades": 2,
                "stop_loss_atr_multiplier": 1.4955885542747052,
                "window_fraction": 0.019478093757014432,
                "retrain_fraction": 0.49559611281527355,
                "calculated_window_size": 300,
                "calculated_retrain_interval": 148
            },