{
    "optimization_date": "2025-09-16 17:42:48",
    "top_parameters": [
        {
            "trial_number": 1,
            "score": 0.9807905785838649,
            "parameters": {
                "min_risk_percentage": 0.008185086660174142,
                "max_risk_percentage": 0.008929213216960863,
                "risk_scaling_factor": 1.7751067647801508,
                "risk_reward_ratio": 1.9563633644393066,
                "min_predicted_move": 0.00762378215816119,
                "partial_take_profit": 0.8529632236805949,
                "min_holding_period": 7,
                "max_holding_period": 16,
                "max_concurrent_trades": 4,
                "stop_loss_atr_multiplier": 2.0962449447596256,
                "atr_predicted_weight": 0.7851759613930136,
                "window_fraction": 0.22165305913463673,
                "retrain_fraction": 0.32666768318813977,
                "calculated_window_size": 12721,
                "calculated_retrain_interval": 4155
            },
            "metrics": {
                "total_return": 98.07905785838649,
                "sharpe_ratio": 0.39265925674138724,
                "win_rate": 58.027079303675045,
                "max_drawdown": -13.095426274600609,
                "cagr": 2689.99737931007,
                "mar": 205.41502986638065,
                "trade_count": 517
            }
        },
        {
            "trial_number": 5,
            "score": 0.7500530269862903,
            "parameters": {
                "min_risk_percentage": 0.013140441247373728,
                "max_risk_percentage": 0.01406634449668,
                "risk_scaling_factor": 2.7032954711310593,
                "risk_reward_ratio": 1.6118259655196563,
                "min_predicted_move": 0.009934434683002587,
                "partial_take_profit": 0.7013805292809006,
                "min_holding_period": 18,
                "max_holding_period": 34,
                "max_concurrent_trades": 8,
                "stop_loss_atr_multiplier": 3.19944621340081,
                "atr_predicted_weight": 0.07404465173409036,
                "window_fraction": 0.3883999369553621,
                "retrain_fraction": 0.23877989745746375,
                "calculated_window_size": 22292,
                "calculated_retrain_interval": 5322
            },
            "metrics": {
                "total_return": 75.00530269862902,
                "sharpe_ratio": 0.2913148340492231,
                "win_rate": 74.93261455525607,
                "max_drawdown": -19.554673374722043,
                "cagr": 1372.6004128196155,
                "mar": 70.192960348494,
                "trade_count": 371
            }
        },
        {
            "trial_number": 3,
            "score": 0.3644903509162085,
            "parameters": {
                "min_risk_percentage": 0.011602287406094019,
                "max_risk_percentage": 0.012310248743694779,
                "risk_scaling_factor": 2.242765365166905,
                "risk_reward_ratio": 1.5515827816728276,
                "min_predicted_move": 0.009546602010393911,
                "partial_take_profit": 0.7779277690223527,
                "min_holding_period": 13,
                "max_holding_period": 28,
                "max_concurrent_trades": 2,
                "stop_loss_atr_multiplier": 3.893546197175955,
                "atr_predicted_weight": 0.7751328233611146,
                "window_fraction": 0.1368021909840083,
                "retrain_fraction": 0.6793961701362828,
                "calculated_window_size": 7851,
                "calculated_retrain_interval": 5333
            },
            "metrics": {
                "total_return": 36.44903509162085,
                "sharpe_ratio": 0.2101705507665594,
                "win_rate": 48.92857142857142,
                "max_drawdown": -13.983615716532372,
                "cagr": 354.2617644033483,
                "mar": 25.33406034495901,
                "trade_count": 280
            }
        },
        {
            "trial_number": 6,
            "score": 0.1644386684428223,
            "parameters": {
                "min_risk_percentage": 0.010376985928164089,
                "max_risk_percentage": 0.010978171728265028,
                "risk_scaling_factor": 2.7946551388133902,
                "risk_reward_ratio": 2.4349471902413367,
                "min_predicted_move": 0.006654490124263246,
                "partial_take_profit": 0.7812958305066867,
                "min_holding_period": 16,
                "max_holding_period": 31,
                "max_concurrent_trades": 9,
                "stop_loss_atr_multiplier": 2.1527522380668227,
                "atr_predicted_weight": 0.1195942459383017,
                "window_fraction": 0.04114359164015158,
                "retrain_fraction": 0.34543320562987906,
                "calculated_window_size": 2361,
                "calculated_retrain_interval": 815
            },
            "metrics": {
                "total_return": 16.44386684428223,
                "sharpe_ratio": 0.15895390510619772,
                "win_rate": 67.77777777777779,
                "max_drawdown": -9.695999923918574,
                "cagr": 109.88815714405709,
                "mar": 11.333349629364116,
                "trade_count": 90
            }
        },
        {
            "trial_number": 0,
            "score": -0.5919247428601856,
            "parameters": {
                "min_risk_percentage": 0.010618101782710436,
                "max_risk_percentage": 0.01566549241858016,
                "risk_scaling_factor": 2.5979909127171075,
                "risk_reward_ratio": 2.397987726295555,
                "min_predicted_move": 0.005780093202212183,
                "partial_take_profit": 0.9165440364437337,
                "min_holding_period": 14,
                "max_holding_period": 33,
                "max_concurrent_trades": 1,
                "stop_loss_atr_multiplier": 3.89468448256698,
                "atr_predicted_weight": 0.8324426408004217,
                "window_fraction": 0.08643731496473929,
                "retrain_fraction": 0.10517943155978948,
                "calculated_window_size": 4961,
                "calculated_retrain_interval": 521
            },
            "metrics": {
                "total_return": -59.19247428601856,
                "sharpe_ratio": -0.32568391119477313,
                "win_rate": 27.941176470588236,
                "max_drawdown": -62.40166230533561,
                "cagr": -98.72853303586608,
                "mar": -1.5821458818321312,
                "trade_count": 272
            }
        },
        {
            "trial_number": 4,
            "score": -0.8669050245555401,
            "parameters": {
                "min_risk_percentage": 0.019092484123462837,
                "max_risk_percentage": 0.027634722614102936,
                "risk_scaling_factor": 2.3968499682166278,
                "risk_reward_ratio": 2.8828113525346755,
                "min_predicted_move": 0.005442462510259598,
                "partial_take_profit": 0.7813325826908161,
                "min_holding_period": 11,
                "max_holding_period": 19,
                "max_concurrent_trades": 9,
                "stop_loss_atr_multiplier": 1.7486366434275624,
                "atr_predicted_weight": 0.28093450968738076,
                "window_fraction": 0.10603160258538114,
                "retrain_fraction": 0.09296592446501117,
                "calculated_window_size": 6085,
                "calculated_retrain_interval": 565
            },
            "metrics": {
                "total_return": -86.69050245555401,
                "sharpe_ratio": -0.3949238381001818,
                "win_rate": 40.035906642728904,
                "max_drawdown": -88.96153176934814,
                "cagr": -99.99457165693973,
                "mar": -1.1240203452903341,