{
    "optimization_date": "2025-09-15 17:15:34",
    "top_parameters": [
        {
            "trial_number": 1546,
            "score": 96.42176469875717,
            "parameters": {
                "min_risk_percentage": 0.019730020745227263,
                "max_risk_percentage": 0.029423066916484733,
                "risk_scaling_factor": 2.0908369643797564,
                "risk_reward_ratio": 1.6971206233235478,
                "min_predicted_move": 0.009833451325784833,
                "partial_take_profit": 0.807345377350049,
                "min_holding_period": 6,
                "max_holding_period": 7,
                "max_concurrent_trades": 10,
                "stop_loss_atr_multiplier": 3.547732908433746,
                "atr_predicted_weight": 0.4310703192463601,
                "window_fraction": 0.46754032778958626,
                "retrain_fraction": 0.1928174678730001,
                "calculated_window_size": 26834,
                "calculated_retrain_interval": 5174
            },
            "metrics": {
                "total_return": 9642.176469875718,
                "sharpe_ratio": 0.7949325048343268,
                "win_rate": 70.22132796780684,
                "max_drawdown": -33.0238213946859,
                "trade_count": 497
            }
        },
        {
            "trial_number": 942,
            "score": 96.35718433686067,
            "parameters": {
                "min_risk_percentage": 0.019429503347617064,
                "max_risk_percentage": 0.0289852602446252,
                "risk_scaling_factor": 2.2196540562408402,
                "risk_reward_ratio": 1.666687179095231,
                "min_predicted_move": 0.009788504729462905,
                "partial_take_profit": 0.8124027596595801,
                "min_holding_period": 6,
                "max_holding_period": 7,
                "max_concurrent_trades": 10,
                "stop_loss_atr_multiplier": 3.780711426246763,
                "atr_predicted_weight": 0.34555748402639286,
                "window_fraction": 0.47435190678240025,
                "retrain_fraction": 0.16842237081271275,
                "calculated_window_size": 27225,
                "calculated_retrain_interval": 4585
            },
            "metrics": {
                "total_return": 9635.718433686066,
                "sharpe_ratio": 0.8088669324940225,
                "win_rate": 72.12121212121212,
                "max_drawdown": -30.749036727992074,
                "trade_count": 495
            }
        },
        {
            "trial_number": 1460,
            "score": 93.50080732241477,
            "parameters": {
                "min_risk_percentage": 0.0197309208554482,
                "max_risk_percentage": 0.02943427245647129,
                "risk_scaling_factor": 2.1194018239603394,
                "risk_reward_ratio": 1.6036743715846564,
                "min_predicted_move": 0.009840519112226581,
                "partial_take_profit": 0.8123792142578139,
                "min_holding_period": 6,
                "max_holding_period": 7,
                "max_concurrent_trades": 10,
                "stop_loss_atr_multiplier": 3.7833258988963663,
                "atr_predicted_weight": 0.3579967206296692,
                "window_fraction": 0.4764079299251726,
                "retrain_fraction": 0.1719736475109669,
                "calculated_window_size": 27343,
                "calculated_retrain_interval": 4702
            },
            "metrics": {
                "total_return": 9350.080732241477,
                "sharpe_ratio": 0.8153219380853249,
                "win_rate": 73.66255144032921,
                "max_drawdown": -25.256590747805106,
                "trade_count": 486
            }
        },
        {
            "trial_number": 915,
            "score": 93.12525080907673,
            "parameters": {
                "min_risk_percentage": 0.018907925105245034,
                "max_risk_percentage": 0.02821964153365791,
                "risk_scaling_factor": 2.2775101366506294,
                "risk_reward_ratio": 1.6677909704205942,
                "min_predicted_move": 0.009995296806529141,
                "partial_take_profit": 0.7998037917349077,
                "min_holding_period": 6,
                "max_holding_period": 7,
                "max_concurrent_trades": 10,
                "stop_loss_atr_multiplier": 3.9967725496218027,
                "atr_predicted_weight": 0.3205997832888139,
                "window_fraction": 0.4871563734960188,
                "retrain_fraction": 0.18234284190066238,
                "calculated_window_size": 27960,
                "calculated_retrain_interval": 5098
            },
            "metrics": {
                "total_return": 9312.525080907673,
                "sharpe_ratio": 0.8164182460720066,
                "win_rate": 72.65135699373695,
                "max_drawdown": -26.665393526875793,
                "trade_count": 479
            }
        },
        {
            "trial_number": 1113,
            "score": 88.69137452285543,
            "parameters": {
                "min_risk_percentage": 0.019711988246573508,
                "max_risk_percentage": 0.029223647117843005,
                "risk_scaling_factor": 2.2225701208476285,
                "risk_reward_ratio": 1.705755534431297,
                "min_predicted_move": 0.009815883719853442,
                "partial_take_profit": 0.8034824798308717,
                "min_holding_period": 9,
                "max_holding_period": 10,
                "max_concurrent_trades": 10,
                "stop_loss_atr_multiplier": 3.862370041496264,
                "atr_predicted_weight": 0.3014858677301638,
                "window_fraction": 0.4478274911635903,
                "retrain_fraction": 0.1535006833490284,
                "calculated_window_size": 25703,
                "calculated_retrain_interval": 3945
            },
            "metrics": {
                "total_return": 8869.137452285542,
                "sharpe_ratio": 0.7689034948379546,
                "win_rate": 71.32867132867133,
                "max_drawdown": -33.51058403726249,
                "trade_count": 429
            }
        },
        {
            "trial_number": 1333,
            "score": 87.8990543802805,
            "parameters": {
                "min_risk_percentage": 0.019395002408816656,
                "max_risk_percentage": 0.02889354224097748,
                "risk_scaling_factor": 2.378477547758986,
                "risk_reward_ratio": 1.6281334743389486,
                "min_predicted_move": 0.009622740332886806,
                "partial_take_profit": 0.798319354249958,
                "min_holding_period": 6,
                "max_holding_period": 6,
                "max_concurrent_trades": 9,
                "stop_loss_atr_multiplier": 3.441812327062221,
                "atr_predicted_weight": 0.40701732427115817,
                "window_fraction": 0.46406430729369175,
                "retrain_fraction": 0.19703660772600862,
                "calculated_window_size": 26635,
                "calculated_retrain_interval": 5248
            },
            "metrics": {
                "total_return": 8789.90543802805,
                "sharpe_ratio": 0.8222287775207121,
                "win_rate": 74.32432432432432,
                "max_drawdown": -27.410950074879594,
                "trade_count": 518
            }
        },
        {
            "trial_number": 1210,
            "score": 87.84958719318905,
            "parameters": {
                "min_risk_percentage": 0.0199998945188111,
                "max_risk_percentage": 0.029681196116716015,
                "risk_scaling_factor": 2.3067641774552685,
                "risk_reward_ratio": 1.6156859313026002,
                "min_predicted_move": 0.009917141118119322,
                "partial_take_profit": 0.8051369246883874,
                "min_holding_period": 8,