{
    "optimization_date": "2025-09-27 15:54:54",
    "top_parameters": [
        {
            "trial_number": 11,
            "score": 20851037145.973186,
            "trading_parameters": {
                "min_risk_percentage": 0.10156706168296842,
                "max_risk_percentage": 0.560968740215892,
                "risk_scaling_factor": 1.997729935382857,
                "risk_reward_ratio": 1.5028679530064106,
                "min_predicted_move": 0.008826652470759522,
                "partial_take_profit": 0.7309628950065246,
                "min_holding_period": 6,
                "max_holding_period": 83,
                "max_concurrent_trades": 10,
                "stop_loss_atr_multiplier": 0.5901331904857582,
                "atr_predicted_weight": 0.9960169893612136,
                "aggressiveness": 2.3603634486172083,
                "feature_count_k": 32,
                "window_fraction": 0.3831070236617426,
                "retrain_fraction": 0.6660445539231804,
                "calculated_window_size": 27936,
                "calculated_retrain_interval": 18606
            },
            "model_parameters": {
                "learning_rate": 0.03005642076836405,
                "n_estimators": 968,
                "max_depth": 6,
                "max_leaves": 127,
                "min_child_weight": 2.1107014853533137,
                "gamma": 0.005291390227408434,
                "subsample": 0.7153869354301697,
                "colsample_bytree": 0.875134069516763,
                "colsample_bylevel": 0.7188483265723933,
                "reg_lambda": 0.5552472488751153,
                "reg_alpha": 0.020920311615052256,
                "max_bin": 312
            },
            "metrics": {
                "total_return": 84572325.04253533,
                "sharpe_ratio": 2.5043071655211144,
                "win_rate": 99.34177215189874,
                "max_drawdown": -5.907733748235744,
                "cagr": 124825650215.56757,
                "mar": 21129193618.931267,
                "trade_count": 1975
            }
        },
        {
            "trial_number": 10,
            "score": 5424.424910158339,
            "trading_parameters": {
                "min_risk_percentage": 0.10395042788612852,
                "max_risk_percentage": 0.5756672076999144,
                "risk_scaling_factor": 2.053093159081646,
                "risk_reward_ratio": 1.5269428134222296,
                "min_predicted_move": 0.008890993926794537,
                "partial_take_profit": 0.7185300445662961,
                "min_holding_period": 9,
                "max_holding_period": 82,
                "max_concurrent_trades": 10,
                "stop_loss_atr_multiplier": 0.6087382124806666,
                "atr_predicted_weight": 0.7688058896332891,
                "aggressiveness": 2.4546032229038506,
                "feature_count_k": 32,
                "window_fraction": 0.36926718875821524,
                "retrain_fraction": 0.6716576966322154,
                "calculated_window_size": 26927,
                "calculated_retrain_interval": 18085
            },
            "model_parameters": {
                "learning_rate": 0.030749503480233854,
                "n_estimators": 963,
                "max_depth": 6,
                "max_leaves": 122,
                "min_child_weight": 1.9710896157017876,
                "gamma": 0.24620167695702114,
                "subsample": 0.7137998868763297,
                "colsample_bytree": 0.8864693819928147,
                "colsample_bylevel": 0.7248896383951984,
                "reg_lambda": 0.5599282950855894,
                "reg_alpha": 0.06717176986894424,
                "max_bin": 264
            },
            "metrics": {
                "total_return": 4414.35533845005,
                "sharpe_ratio": 1.1219612332604867,
                "win_rate": 98.22294022617125,
                "max_drawdown": -6.13651458952268,
                "cagr": 34513.72152427524,
                "mar": 5624.3199654740565,
                "trade_count": 619
            }
        },
        {
            "trial_number": 4,
            "score": 0.0,
            "trading_parameters": {
                "min_risk_percentage": 0.13431972482374338,
                "max_risk_percentage": 0.5192449774571982,
                "risk_scaling_factor": 1.934627179370652,
                "risk_reward_ratio": 1.7418319308810066,
                "min_predicted_move": 0.009648488261712865,
                "partial_take_profit": 0.9178651475469294,
                "min_holding_period": 41,
                "max_holding_period": 67,
                "max_concurrent_trades": 9,
                "stop_loss_atr_multiplier": 2.3876978467047776,
                "atr_predicted_weight": 0.8074401551640625,
                "aggressiveness": 4.53241084965572,
                "feature_count_k": 31,
                "window_fraction": 0.4059789859865643,
                "retrain_fraction": 0.6517335686849023,
                "calculated_window_size": 29604,
                "calculated_retrain_interval": 19293
            },
            "model_parameters": {
                "learning_rate": 0.02435942532006847,
                "n_estimators": 550,
                "max_depth": 4,
                "max_leaves": 111,
                "min_child_weight": 4.244771411573329,
                "gamma": 0.02085639159357211,
                "subsample": 0.7787615559021479,
                "colsample_bytree": 0.6087055015743895,
                "colsample_bylevel": 0.6110539052353652,
                "reg_lambda": 0.6589240690624595,
                "reg_alpha": 0.6752303428072559,
                "max_bin": 981
            },
            "metrics": {
                "total_return": 578.3619098226535,
                "sharpe_ratio": 0.3320605095345579,
                "win_rate": 47.32636754763368,
                "max_drawdown": -16.878253143015755,
                "cagr": 1788.051556802325,
                "mar": 105.9381881318816,
                "trade_count": 1627
            }
        },
        {
            "trial_number": 0,
            "score": -100.0,
            "trading_parameters": {
                "min_risk_percentage": 0.15618101782710436,
                "max_risk_percentage": 0.737678576602479,
                "risk_scaling_factor": 2.5979909127171075,
                "risk_reward_ratio": 2.397987726295555,
                "min_predicted_move": 0.005780093202212183,
                "partial_take_profit": 0.9165440364437337,
                "min_holding_period": 32,
                "max_holding_period": 89,
                "max_concurrent_trades": 1,
                "stop_loss_atr_multiplier": 3.89468448256698,
                "atr_predicted_weight": 0.8324426408004217,
                "aggressiveness": 1.4555259980522428,
                "feature_count_k": 24,
                "window_fraction": 0.08643731496473929,
                "retrain_fraction": 0.10517943155978948,
                "calculated_window_size": 6303,
                "calculated_retrain_interval": 662
            },
            "model_parameters": {
                "learning_rate": 0.02778090851688602,
                "n_estimators": 634,
                "max_depth": 5,
                "max_leaves": 73,
                "min_child_weight": 1.03100086758211,
                "gamma": 1.8355586841671383,
                "subsample": 0.6488228512282146,
                "colsample_bytree": 0.5460723242676091,
                "colsample_bylevel": 0.6831809216468459,
                "reg_lambda": 1.4290255329034678,
                "reg_alpha": 1.5703519227860272,
                "max_bin": 409
            },
            "metrics": {
                "total_return": 0.0,
                "sharpe_ratio": 0.0,
                "win_rate": 0.0,
                "max_drawdown": 0.0,
                "cagr": 0.0,
                "mar": 0.0,