{
    "optimization_date": "2025-09-16 18:16:11",
    "top_parameters": [
        {
            "trial_number": 121,
            "score": 61.31103526869219,
            "parameters": {
                "min_risk_percentage": 0.016114959733164208,
                "max_risk_percentage": 0.016375128672860784,
                "risk_scaling_factor": 2.36087167900537,
                "risk_reward_ratio": 2.099880598174021,
                "min_predicted_move": 0.00962914822518493,
                "partial_take_profit": 0.8181389413999843,
                "min_holding_period": 11,
                "max_holding_period": 13,
                "max_concurrent_trades": 5,
                "stop_loss_atr_multiplier": 2.0864907568064885,
                "atr_predicted_weight": 0.6587643993680077,
                "window_fraction": 0.3524325295705345,
                "retrain_fraction": 0.807814327154612,
                "calculated_window_size": 25699,
                "calculated_retrain_interval": 20760
            },
            "metrics": {
                "total_return": 813.9655403307804,
                "sharpe_ratio": 0.41445362794642776,
                "win_rate": 64.19753086419753,
                "max_drawdown": -13.353699557588394,
                "cagr": 2883.3504655638485,
                "mar": 215.92147203322028,
                "trade_count": 567
            }
        },
        {
            "trial_number": 123,
            "score": 51.05006347202591,
            "parameters": {
                "min_risk_percentage": 0.015703730924867824,
                "max_risk_percentage": 0.016059906728098695,
                "risk_scaling_factor": 2.338169658324092,
                "risk_reward_ratio": 1.9058331465843645,
                "min_predicted_move": 0.00952641044283503,
                "partial_take_profit": 0.8191963640859581,
                "min_holding_period": 11,
                "max_holding_period": 14,
                "max_concurrent_trades": 5,
                "stop_loss_atr_multiplier": 2.0609416140058374,
                "atr_predicted_weight": 0.6613579730697053,
                "window_fraction": 0.3521242360001827,
                "retrain_fraction": 0.8336836871341805,
                "calculated_window_size": 25677,
                "calculated_retrain_interval": 21406
            },
            "metrics": {
                "total_return": 628.7047061693077,
                "sharpe_ratio": 0.3836214769591268,
                "win_rate": 67.1474358974359,
                "max_drawdown": -13.48483280886451,
                "cagr": 2007.3017765447055,
                "mar": 148.85625984366433,
                "trade_count": 624
            }
        },
        {
            "trial_number": 116,
            "score": 47.896841958249006,
            "parameters": {
                "min_risk_percentage": 0.016125255135565824,
                "max_risk_percentage": 0.01639662358400876,
                "risk_scaling_factor": 2.3226228473593222,
                "risk_reward_ratio": 2.0890298248969494,
                "min_predicted_move": 0.009795638623715488,
                "partial_take_profit": 0.8475264986316433,
                "min_holding_period": 11,
                "max_holding_period": 12,
                "max_concurrent_trades": 5,
                "stop_loss_atr_multiplier": 2.0900236927946825,
                "atr_predicted_weight": 0.600817336324329,
                "window_fraction": 0.34997782976808967,
                "retrain_fraction": 0.75111054630399,
                "calculated_window_size": 25520,
                "calculated_retrain_interval": 19168
            },
            "metrics": {
                "total_return": 675.1109254298348,
                "sharpe_ratio": 0.38395471287800265,
                "win_rate": 63.96694214876033,
                "max_drawdown": -13.108510142239826,
                "cagr": 2247.6510316422127,
                "mar": 171.46502594521093,
                "trade_count": 605
            }
        },
        {
            "trial_number": 12,
            "score": 40.3225321322323,
            "parameters": {
                "min_risk_percentage": 0.01455915736079649,
                "max_risk_percentage": 0.015815366292329203,
                "risk_scaling_factor": 2.985089461364538,
                "risk_reward_ratio": 1.8517851766898819,
                "min_predicted_move": 0.00999681219320776,
                "partial_take_profit": 0.8350642937107982,
                "min_holding_period": 17,
                "max_holding_period": 40,
                "max_concurrent_trades": 7,
                "stop_loss_atr_multiplier": 2.7749144063094615,
                "atr_predicted_weight": 0.2475339903082977,
                "window_fraction": 0.4651179583538097,
                "retrain_fraction": 0.8096661040280504,
                "calculated_window_size": 33916,
                "calculated_retrain_interval": 27460
            },
            "metrics": {
                "total_return": 548.912191109503,
                "sharpe_ratio": 0.3517591218157169,
                "win_rate": 66.66666666666666,
                "max_drawdown": -13.75352801634766,
                "cagr": 1663.731226112208,
                "mar": 120.96759639669696,
                "trade_count": 696
            }
        },
        {
            "trial_number": 124,
            "score": 38.61755450747649,
            "parameters": {
                "min_risk_percentage": 0.015804703695800275,
                "max_risk_percentage": 0.016135505786741604,
                "risk_scaling_factor": 2.3261299827626893,
                "risk_reward_ratio": 1.8869641025989035,
                "min_predicted_move": 0.009528489829201727,
                "partial_take_profit": 0.824385022759455,
                "min_holding_period": 10,
                "max_holding_period": 11,
                "max_concurrent_trades": 5,
                "stop_loss_atr_multiplier": 1.883453635263289,
                "atr_predicted_weight": 0.7467081825897405,
                "window_fraction": 0.35267242945915017,
                "retrain_fraction": 0.8415755379145332,
                "calculated_window_size": 25717,
                "calculated_retrain_interval": 21642
            },
            "metrics": {
                "total_return": 509.63874763474666,
                "sharpe_ratio": 0.3559174991953391,
                "win_rate": 67.06948640483384,
                "max_drawdown": -13.450118366269626,
                "cagr": 1521.4595999629435,
                "mar": 113.11867736260811,
                "trade_count": 662
            }
        },
        {
            "trial_number": 101,
            "score": 37.73074410263797,
            "parameters": {
                "min_risk_percentage": 0.015743961305223216,
                "max_risk_percentage": 0.016000709875709146,
                "risk_scaling_factor": 2.1927509348821728,
                "risk_reward_ratio": 2.1155646025100237,
                "min_predicted_move": 0.009728761265539732,
                "partial_take_profit": 0.8142706503924959,
                "min_holding_period": 12,
                "max_holding_period": 14,
                "max_concurrent_trades": 6,
                "stop_loss_atr_multiplier": 2.044048631392413,
                "atr_predicted_weight": 0.5695758554888579,
                "window_fraction": 0.330823942318801,
                "retrain_fraction": 0.8077381069299902,
                "calculated_window_size": 24124,
                "calculated_retrain_interval": 19485
            },
            "metrics": {
                "total_return": 650.4522848757061,
                "sharpe_ratio": 0.37363963958126356,
                "win_rate": 64.02640264026402,
                "max_drawdown": -15.647582535937676,
                "cagr": 2104.5842887526655,
                "mar": 134.49900544822714,