{
    "optimization_date": "2025-09-13 22:27:49",
    "top_parameters": [
        {
            "trial_number": 1231,
            "score": 197.12837408960516,
            "model_parameters": {
                "learning_rate": 0.1081270658051096,
                "n_estimators": 943,
                "max_depth": 5,
                "max_leaves": 123,
                "min_child_weight": 0.6266777639806653,
                "gamma": 0.1453711881569889,
                "subsample": 0.8905128494073881,
                "colsample_bytree": 0.4595148605371952,
                "colsample_bylevel": 0.5233925218009232,
                "reg_lambda": 1.4092734173101562,
                "reg_alpha": 1.4151336617040773,
                "max_bin": 563
            },
            "metrics": {
                "total_return": 19712.837408960517,
                "sharpe_ratio": 1.1707311917637588,
                "win_rate": 63.97379912663755,
                "max_drawdown": -99.99998227569043,
                "trade_count": 458
            }
        },
        {
            "trial_number": 1719,
            "score": 187.72230058718887,
            "model_parameters": {
                "learning_rate": 0.10652821566232831,
                "n_estimators": 965,
                "max_depth": 5,
                "max_leaves": 64,
                "min_child_weight": 1.38583166395348,
                "gamma": 0.141280864057704,
                "subsample": 0.8868555817409819,
                "colsample_bytree": 0.40038287148477514,
                "colsample_bylevel": 0.5515073303819515,
                "reg_lambda": 4.499799615237481,
                "reg_alpha": 1.373602285061671,
                "max_bin": 421
            },
            "metrics": {
                "total_return": 18772.230058718887,
                "sharpe_ratio": 0.5687593445947113,
                "win_rate": 63.834422657952075,
                "max_drawdown": -99.99999557208317,
                "trade_count": 459
            }
        },
        {
            "trial_number": 1365,
            "score": 185.28146540872794,
            "model_parameters": {
                "learning_rate": 0.10508789350114853,
                "n_estimators": 918,
                "max_depth": 5,
                "max_leaves": 124,
                "min_child_weight": 0.8170623802921979,
                "gamma": 0.1361024133965804,
                "subsample": 0.856375998016996,
                "colsample_bytree": 0.45095247765121266,
                "colsample_bylevel": 0.5280715992227145,
                "reg_lambda": 1.0836209323869646,
                "reg_alpha": 1.309598427491824,
                "max_bin": 500
            },
            "metrics": {
                "total_return": 18528.146540872793,
                "sharpe_ratio": 1.0226212610717913,
                "win_rate": 63.75545851528385,
                "max_drawdown": -99.99998227569043,
                "trade_count": 458
            }
        },
        {
            "trial_number": 1175,
            "score": 183.20833048752823,
            "model_parameters": {
                "learning_rate": 0.11070620355867547,
                "n_estimators": 935,
                "max_depth": 5,
                "max_leaves": 125,
                "min_child_weight": 0.9231118311103831,
                "gamma": 0.13422338543574147,
                "subsample": 0.8689591007852699,
                "colsample_bytree": 0.4380162880730083,
                "colsample_bylevel": 0.5110883228624763,
                "reg_lambda": 1.4029112306606621,
                "reg_alpha": 1.3470170443178262,
                "max_bin": 643
            },
            "metrics": {
                "total_return": 18320.833048752822,
                "sharpe_ratio": 0.2900281068263026,
                "win_rate": 63.36206896551724,
                "max_drawdown": -99.99999920036319,
                "trade_count": 464
            }
        },
        {
            "trial_number": 1298,
            "score": 182.2792731967077,
            "model_parameters": {
                "learning_rate": 0.1060156522155285,
                "n_estimators": 1009,
                "max_depth": 5,
                "max_leaves": 120,
                "min_child_weight": 1.266418502056084,
                "gamma": 0.13641136735887227,
                "subsample": 0.876936088139608,
                "colsample_bytree": 0.4536141542495842,
                "colsample_bylevel": 0.5147879140879582,
                "reg_lambda": 1.235722881663405,
                "reg_alpha": 1.2773332910571804,
                "max_bin": 550
            },
            "metrics": {
                "total_return": 18227.92731967077,
                "sharpe_ratio": 1.1233092118265982,
                "win_rate": 63.73626373626373,
                "max_drawdown": -99.9999927611769,
                "trade_count": 455
            }
        },
        {
            "trial_number": 1157,
            "score": 180.21925372710632,
            "model_parameters": {
                "learning_rate": 0.11117481496280801,
                "n_estimators": 981,
                "max_depth": 5,
                "max_leaves": 55,
                "min_child_weight": 0.7217423668746047,
                "gamma": 0.13179336657680715,
                "subsample": 0.8723705345115896,
                "colsample_bytree": 0.43369717855312556,
                "colsample_bylevel": 0.5003795643064651,
                "reg_lambda": 1.8739570273465662,
                "reg_alpha": 1.3579512459550216,
                "max_bin": 494
            },
            "metrics": {
                "total_return": 18021.925372710633,
                "sharpe_ratio": 1.1784127791912926,
                "win_rate": 63.67614879649891,
                "max_drawdown": -99.99999888393529,
                "trade_count": 457
            }
        },
        {
            "trial_number": 1350,
            "score": 179.93693348909358,
            "model_parameters": {
                "learning_rate": 0.10682595264474251,
                "n_estimators": 977,
                "max_depth": 5,
                "max_leaves": 122,
                "min_child_weight": 1.3077239224934871,
                "gamma": 0.13556869098199592,
                "subsample": 0.8618520426451423,
                "colsample_bytree": 0.44151233213311586,
                "colsample_bylevel": 0.515358831740159,
                "reg_lambda": 1.083961990850838,
                "reg_alpha": 1.3388397490634094,
                "max_bin": 518
            },
            "metrics": {
                "total_return": 17993.693348909357,
                "sharpe_ratio": 0.9806757515209958,
                "win_rate": 63.67614879649891,
                "max_drawdown": -99.99998654671646,
                "trade_count": 457
            }
        },
        {
            "trial_number": 1050,
            "score": 179.13082769357527,
            "model_parameters": {
                "learning_rate": 0.10550287039091451,
                "n_estimators": 942,
                "max_depth": 5,
                "max_leaves": 121,
                "min_child_weight": 0.9628837313254213,
                "gamma": 0.14048970246738082,
                "subsample": 0.8639951388616333,
                "colsample_bytree": 0.469269101247328,
                "colsample_bylevel": 0.5463272614186696,
                "reg_lambda": 1.8636458431603642,
                "reg_alpha": 1.3612181148995843,
                "max_bin": 446
            },
            "metrics": {
                "total_return": 17913.082769357527,
                "sharpe_ratio": 0.5280065018966014,
                "win_rate": 63.59649122807017,
                "max_drawdown": -99.99999709055038,
                "trade_count": 456
            }
        },
        {
            "trial_number": 1102,
            "score": 176.37344020573354,