{
    "optimization_date": "2026-02-21 20:22:21",
    "top_parameters": [
        {
            "trial_number": 2962,
            "score": 6167.62919455679,
            "trading_parameters": {
                "min_risk_percentage": 0.1539937607718842,
                "max_risk_percentage": 0.7412613993994547,
                "risk_scaling_factor": 2.2885683264211627,
                "risk_reward_ratio": 1.6025439113297417,
                "min_predicted_move": 0.008945178242107743,
                "partial_take_profit": 0.7723267379315765,
                "min_holding_period": 9,
                "max_holding_period": 72,
                "max_concurrent_trades": 5,
                "stop_loss_atr_multiplier": 2.307040662511872,
                "atr_predicted_weight": 0.5664150869721071,
                "aggressiveness": 1.1242694710998204,
                "feature_count_k": 28,
                "window_fraction": 0.4220507927036183,
                "calculated_window_size": 30819
            },
            "model_parameters": {
                "learning_rate": 0.07199550894915294,
                "n_estimators": 336,
                "max_depth": 3,
                "max_leaves": 123,
                "min_child_weight": 0.8889040718341644,
                "gamma": 0.11991408603942731,
                "subsample": 0.6810999102889358,
                "colsample_bytree": 0.5115956657024607,
                "colsample_bylevel": 0.7911837363319085,
                "reg_lambda": 3.1299894619376833,
                "reg_alpha": 0.5253492302218684
            },
            "metrics": {
                "total_return": 349190.9921402024,
                "sharpe_ratio": 0.8551854893766891,
                "win_rate": 52.30706410779911,
                "max_drawdown": -14.366134270042608,
                "cagr": 88604.98913683758,
                "mar": 6167.62919455679,
                "trade_count": 2449
            }
        },
        {
            "trial_number": 1965,
            "score": 5644.805681915338,
            "trading_parameters": {
                "min_risk_percentage": 0.17155081344971024,
                "max_risk_percentage": 0.729998705497454,
                "risk_scaling_factor": 2.3441328428531856,
                "risk_reward_ratio": 1.5470668640510838,
                "min_predicted_move": 0.009649002992649074,
                "partial_take_profit": 0.7173316422589391,
                "min_holding_period": 10,
                "max_holding_period": 79,
                "max_concurrent_trades": 6,
                "stop_loss_atr_multiplier": 1.9297416684696405,
                "atr_predicted_weight": 0.6838906932404999,
                "aggressiveness": 3.408910515532858,
                "feature_count_k": 62,
                "window_fraction": 0.40785108075955157,
                "calculated_window_size": 29782
            },
            "model_parameters": {
                "learning_rate": 0.055903697861382676,
                "n_estimators": 583,
                "max_depth": 4,
                "max_leaves": 117,
                "min_child_weight": 2.000632181930146,
                "gamma": 0.10821055092038931,
                "subsample": 0.6743322026266234,
                "colsample_bytree": 0.6483613061124417,
                "colsample_bylevel": 0.8847160304548035,
                "reg_lambda": 3.9006036212678663,
                "reg_alpha": 0.39660556641597106
            },
            "metrics": {
                "total_return": 364091.3370331031,
                "sharpe_ratio": 0.8586907401976639,
                "win_rate": 57.58241758241758,
                "max_drawdown": -13.753223075987774,
                "cagr": 77634.27176398493,
                "mar": 5644.805681915338,
                "trade_count": 2275
            }
        },
        {
            "trial_number": 2888,
            "score": 5406.54949933561,
            "trading_parameters": {
                "min_risk_percentage": 0.1581187090114846,
                "max_risk_percentage": 0.733270553729621,
                "risk_scaling_factor": 2.2954376015600237,
                "risk_reward_ratio": 1.5490291922244674,
                "min_predicted_move": 0.009333076542725948,
                "partial_take_profit": 0.7577583008581097,
                "min_holding_period": 11,
                "max_holding_period": 75,
                "max_concurrent_trades": 5,
                "stop_loss_atr_multiplier": 2.150689565174303,
                "atr_predicted_weight": 0.5772227805350192,
                "aggressiveness": 1.4235111508590064,
                "feature_count_k": 27,
                "window_fraction": 0.4132751569570883,
                "calculated_window_size": 30179
            },
            "model_parameters": {
                "learning_rate": 0.06161928769512007,
                "n_estimators": 321,
                "max_depth": 3,
                "max_leaves": 124,
                "min_child_weight": 0.9345010695816067,
                "gamma": 0.09318056117856359,
                "subsample": 0.674985083979857,
                "colsample_bytree": 0.5499641917404586,
                "colsample_bylevel": 0.8706756003385122,
                "reg_lambda": 3.4817937853825733,
                "reg_alpha": 0.5638447758492443
            },
            "metrics": {
                "total_return": 296460.0882546512,
                "sharpe_ratio": 0.8280984521327415,
                "win_rate": 54.713874022231366,
                "max_drawdown": -12.880421843771583,
                "cagr": 69638.6382706747,
                "mar": 5406.54949933561,
                "trade_count": 2429
            }
        },
        {
            "trial_number": 3114,
            "score": 5325.712725724676,
            "trading_parameters": {
                "min_risk_percentage": 0.1702079099630987,
                "max_risk_percentage": 0.744764597430505,
                "risk_scaling_factor": 2.2755662472351705,
                "risk_reward_ratio": 1.5823370105499197,
                "min_predicted_move": 0.008949368894112767,
                "partial_take_profit": 0.773349702768009,
                "min_holding_period": 8,
                "max_holding_period": 73,
                "max_concurrent_trades": 5,
                "stop_loss_atr_multiplier": 2.4307231497903476,
                "atr_predicted_weight": 0.46318389254394055,
                "aggressiveness": 1.1748419438896807,
                "feature_count_k": 25,
                "window_fraction": 0.4230929423513457,
                "calculated_window_size": 30895
            },
            "model_parameters": {
                "learning_rate": 0.0691857239044563,
                "n_estimators": 389,
                "max_depth": 3,
                "max_leaves": 120,
                "min_child_weight": 0.8346489550259731,
                "gamma": 0.09550912990143635,
                "subsample": 0.6875919109965776,
                "colsample_bytree": 0.5176328870974611,
                "colsample_bylevel": 0.8558179697645353,
                "reg_lambda": 4.084131248132873,
                "reg_alpha": 0.5376352996421105
            },
            "metrics": {
                "total_return": 272020.49543572287,
                "sharpe_ratio": 0.8216572626936599,
                "win_rate": 51.04364326375711,
                "max_drawdown": -13.717966636578405,
                "cagr": 73057.94948749214,
                "mar": 5325.712725724676,
                "trade_count": 2635
            }
        },
        {
            "trial_number": 2513,
            "score": 5088.107130010135,
            "trading_parameters": {
                "min_risk_percentage": 0.16950677942855233,
                "max_risk_percentage": 0.746429903458856,
                "risk_scaling_factor": 2.203340595137475,
                "risk_reward_ratio": 1.5261849009183905,
                "min_predicted_move": 0.009168279246365681,