{
    "optimization_date": "2026-02-17 19:20:07",
    "top_parameters": [
        {
            "trial_number": 1965,
            "score": 5644.805681915338,
            "trading_parameters": {
                "min_risk_percentage": 0.17155081344971024,
                "max_risk_percentage": 0.729998705497454,
                "risk_scaling_factor": 2.3441328428531856,
                "risk_reward_ratio": 1.5470668640510838,
                "min_predicted_move": 0.009649002992649074,
                "partial_take_profit": 0.7173316422589391,
                "min_holding_period": 10,
                "max_holding_period": 79,
                "max_concurrent_trades": 6,
                "stop_loss_atr_multiplier": 1.9297416684696405,
                "atr_predicted_weight": 0.6838906932404999,
                "aggressiveness": 3.408910515532858,
                "feature_count_k": 62,
                "window_fraction": 0.40785108075955157,
                "calculated_window_size": 29782
            },
            "model_parameters": {
                "learning_rate": 0.055903697861382676,
                "n_estimators": 583,
                "max_depth": 4,
                "max_leaves": 117,
                "min_child_weight": 2.000632181930146,
                "gamma": 0.10821055092038931,
                "subsample": 0.6743322026266234,
                "colsample_bytree": 0.6483613061124417,
                "colsample_bylevel": 0.8847160304548035,
                "reg_lambda": 3.9006036212678663,
                "reg_alpha": 0.39660556641597106
            },
            "metrics": {
                "total_return": 364091.3370331031,
                "sharpe_ratio": 0.8586907401976639,
                "win_rate": 57.58241758241758,
                "max_drawdown": -13.753223075987774,
                "cagr": 77634.27176398493,
                "mar": 5644.805681915338,
                "trade_count": 2275
            }
        },
        {
            "trial_number": 2888,
            "score": 5406.54949933561,
            "trading_parameters": {
                "min_risk_percentage": 0.1581187090114846,
                "max_risk_percentage": 0.733270553729621,
                "risk_scaling_factor": 2.2954376015600237,
                "risk_reward_ratio": 1.5490291922244674,
                "min_predicted_move": 0.009333076542725948,
                "partial_take_profit": 0.7577583008581097,
                "min_holding_period": 11,
                "max_holding_period": 75,
                "max_concurrent_trades": 5,
                "stop_loss_atr_multiplier": 2.150689565174303,
                "atr_predicted_weight": 0.5772227805350192,
                "aggressiveness": 1.4235111508590064,
                "feature_count_k": 27,
                "window_fraction": 0.4132751569570883,
                "calculated_window_size": 30179
            },
            "model_parameters": {
                "learning_rate": 0.06161928769512007,
                "n_estimators": 321,
                "max_depth": 3,
                "max_leaves": 124,
                "min_child_weight": 0.9345010695816067,
                "gamma": 0.09318056117856359,
                "subsample": 0.674985083979857,
                "colsample_bytree": 0.5499641917404586,
                "colsample_bylevel": 0.8706756003385122,
                "reg_lambda": 3.4817937853825733,
                "reg_alpha": 0.5638447758492443
            },
            "metrics": {
                "total_return": 296460.0882546512,
                "sharpe_ratio": 0.8280984521327415,
                "win_rate": 54.713874022231366,
                "max_drawdown": -12.880421843771583,
                "cagr": 69638.6382706747,
                "mar": 5406.54949933561,
                "trade_count": 2429
            }
        },
        {
            "trial_number": 2513,
            "score": 5088.107130010135,
            "trading_parameters": {
                "min_risk_percentage": 0.16950677942855233,
                "max_risk_percentage": 0.746429903458856,
                "risk_scaling_factor": 2.203340595137475,
                "risk_reward_ratio": 1.5261849009183905,
                "min_predicted_move": 0.009168279246365681,
                "partial_take_profit": 0.7366189550539949,
                "min_holding_period": 12,
                "max_holding_period": 73,
                "max_concurrent_trades": 5,
                "stop_loss_atr_multiplier": 2.3827868718501755,
                "atr_predicted_weight": 0.4530022390366787,
                "aggressiveness": 1.2500101973596902,
                "feature_count_k": 29,
                "window_fraction": 0.3954567144456826,
                "calculated_window_size": 28877
            },
            "model_parameters": {
                "learning_rate": 0.062411361423053514,
                "n_estimators": 352,
                "max_depth": 3,
                "max_leaves": 120,
                "min_child_weight": 0.8466043498764921,
                "gamma": 0.0935623382128146,
                "subsample": 0.6652804622459894,
                "colsample_bytree": 0.5727310949550722,
                "colsample_bylevel": 0.8362517356694812,
                "reg_lambda": 4.215293515427485,
                "reg_alpha": 0.5316333232034919
            },
            "metrics": {
                "total_return": 373271.27746853774,
                "sharpe_ratio": 0.837636091067849,
                "win_rate": 54.74771553436631,
                "max_drawdown": -13.657027273644962,
                "cagr": 69488.41784577581,
                "mar": 5088.107130010135,
                "trade_count": 2517
            }
        },
        {
            "trial_number": 2570,
            "score": 5085.018423357249,
            "trading_parameters": {
                "min_risk_percentage": 0.16947853694073214,
                "max_risk_percentage": 0.7451388302320492,
                "risk_scaling_factor": 2.1369693309297517,
                "risk_reward_ratio": 1.5531039239751825,
                "min_predicted_move": 0.009201293461834905,
                "partial_take_profit": 0.7508032906723102,
                "min_holding_period": 11,
                "max_holding_period": 73,
                "max_concurrent_trades": 5,
                "stop_loss_atr_multiplier": 2.534290420814926,
                "atr_predicted_weight": 0.48083444372533884,
                "aggressiveness": 1.366450523142352,
                "feature_count_k": 30,
                "window_fraction": 0.3921390663125513,
                "calculated_window_size": 28635
            },
            "model_parameters": {
                "learning_rate": 0.06631259158879108,
                "n_estimators": 317,
                "max_depth": 3,
                "max_leaves": 124,
                "min_child_weight": 0.8040089019452749,
                "gamma": 0.12511098138633264,
                "subsample": 0.6759460010914609,
                "colsample_bytree": 0.5404577947698553,
                "colsample_bylevel": 0.7971453905237693,
                "reg_lambda": 4.0404753888001235,
                "reg_alpha": 0.4800834288732309
            },
            "metrics": {
                "total_return": 376608.9388222758,
                "sharpe_ratio": 0.8243580116403724,
                "win_rate": 53.76115597110073,
                "max_drawdown": -13.188485350715261,
                "cagr": 67063.6909845643,
                "mar": 5085.018423357249,
                "trade_count": 2353
            }
        },
        {
            "trial_number": 2418,
            "score": 4901.597634002484,
            "trading_parameters": {
                "min_risk_percentage": 0.1606030686502678,
                "max_risk_percentage": 0.7457205402879095,
                "risk_scaling_factor": 2.291413360776632,
                "risk_reward_ratio": 1.5532476937830766,
                "min_predicted_move": 0.00924167064783927,