{
    "optimization_date": "2025-09-17 18:50:40",
    "top_parameters": [
        {
            "trial_number": 27,
            "score": 13.703713761605293,
            "trading_parameters": {
                "min_risk_percentage": 0.1422321953291267,
                "max_risk_percentage": 0.7363211636942844,
                "risk_scaling_factor": 1.9381246696115526,
                "risk_reward_ratio": 2.1735285104380733,
                "min_predicted_move": 0.008596706454800847,
                "partial_take_profit": 0.8379678778598372,
                "min_holding_period": 8,
                "max_holding_period": 91,
                "max_concurrent_trades": 6,
                "stop_loss_atr_multiplier": 2.3924113366172852,
                "atr_predicted_weight": 0.35883496438647333,
                "aggressiveness": 1.203130042413647,
                "window_fraction": 0.32297858574142746,
                "retrain_fraction": 0.7986289740029362,
                "calculated_window_size": 23551,
                "calculated_retrain_interval": 18808
            },
            "model_parameters": {
                "learning_rate": 0.10063695561306171,
                "n_estimators": 1144,
                "max_depth": 4,
                "max_leaves": 75,
                "min_child_weight": 4.784605827365408,
                "gamma": 0.2010904358572526,
                "subsample": 0.7354912630972418,
                "colsample_bytree": 0.7226259232371988,
                "colsample_bylevel": 0.8213565892917527,
                "reg_lambda": 1.9097052944610462,
                "reg_alpha": 0.8302120231531698,
                "max_bin": 442
            },
            "metrics": {
                "total_return": 313.5484740777092,
                "sharpe_ratio": 0.3479725340355724,
                "win_rate": 61.832061068702295,
                "max_drawdown": -13.528185585323605,
                "cagr": 783.4069732175667,
                "mar": 57.909242024848155,
                "trade_count": 655
            }
        },
        {
            "trial_number": 7,
            "score": 8.619978192772686,
            "trading_parameters": {
                "min_risk_percentage": 0.23870404274178442,
                "max_risk_percentage": 0.7193348383452453,
                "risk_scaling_factor": 1.8869124415727334,
                "risk_reward_ratio": 2.4899760690512687,
                "min_predicted_move": 0.009086111001006078,
                "partial_take_profit": 0.7604630727251129,
                "min_holding_period": 9,
                "max_holding_period": 96,
                "max_concurrent_trades": 10,
                "stop_loss_atr_multiplier": 2.7158551004564377,
                "atr_predicted_weight": 0.3390297910487007,
                "aggressiveness": 2.071443085756974,
                "window_fraction": 0.2820483976837365,
                "retrain_fraction": 0.5531680494382062,
                "calculated_window_size": 20567,
                "calculated_retrain_interval": 11377
            },
            "model_parameters": {
                "learning_rate": 0.07344010935939366,
                "n_estimators": 1287,
                "max_depth": 6,
                "max_leaves": 107,
                "min_child_weight": 2.465122560008366,
                "gamma": 0.2524198949851465,
                "subsample": 0.6565700499331147,
                "colsample_bytree": 0.8492770942635397,
                "colsample_bylevel": 0.803214529829795,
                "reg_lambda": 0.510701408880524,
                "reg_alpha": 0.2029430857320642,
                "max_bin": 766
            },
            "metrics": {
                "total_return": 343.3780301556381,
                "sharpe_ratio": 0.35004116181393585,
                "win_rate": 56.264236902050115,
                "max_drawdown": -12.834626693391272,
                "cagr": 883.0620867260257,
                "mar": 68.80309866594925,
                "trade_count": 439
            }
        },
        {
            "trial_number": 24,
            "score": 7.165641134564379,
            "trading_parameters": {
                "min_risk_percentage": 0.1945912324868478,
                "max_risk_percentage": 0.7392869684128682,
                "risk_scaling_factor": 1.7607562837833903,
                "risk_reward_ratio": 2.129040603601988,
                "min_predicted_move": 0.00729206908980216,
                "partial_take_profit": 0.7639543797040504,
                "min_holding_period": 14,
                "max_holding_period": 84,
                "max_concurrent_trades": 10,
                "stop_loss_atr_multiplier": 2.2331671216655318,
                "atr_predicted_weight": 0.17163667235492966,
                "aggressiveness": 1.4765426994903557,
                "window_fraction": 0.31579002677740825,
                "retrain_fraction": 0.5918660582745925,
                "calculated_window_size": 23027,
                "calculated_retrain_interval": 13628
            },
            "model_parameters": {
                "learning_rate": 0.06158850895596104,
                "n_estimators": 1266,
                "max_depth": 4,
                "max_leaves": 71,
                "min_child_weight": 3.954494698785438,
                "gamma": 0.22390167033877698,
                "subsample": 0.6189304021260802,
                "colsample_bytree": 0.735002569784905,
                "colsample_bylevel": 0.8626021661258012,
                "reg_lambda": 0.6120773672726963,
                "reg_alpha": 0.8105076274947658,
                "max_bin": 691
            },
            "metrics": {
                "total_return": 96.69169727307383,
                "sharpe_ratio": 0.20324421858417407,
                "win_rate": 69.93865030674846,
                "max_drawdown": -10.219612489667718,
                "cagr": 183.63849736229477,
                "mar": 17.969223152830683,
                "trade_count": 815
            }
        },
        {
            "trial_number": 14,
            "score": 5.695297303552539,
            "trading_parameters": {
                "min_risk_percentage": 0.1975710071432685,
                "max_risk_percentage": 0.5122070821932645,
                "risk_scaling_factor": 2.122223692661384,
                "risk_reward_ratio": 2.3052467486755224,
                "min_predicted_move": 0.0073004664667239,
                "partial_take_profit": 0.737615152312321,
                "min_holding_period": 36,
                "max_holding_period": 95,
                "max_concurrent_trades": 8,
                "stop_loss_atr_multiplier": 3.381332770392321,
                "atr_predicted_weight": 0.33616192027031827,
                "aggressiveness": 1.1243778806932476,
                "window_fraction": 0.33520772406570454,
                "retrain_fraction": 0.2445287868071928,
                "calculated_window_size": 24443,
                "calculated_retrain_interval": 5977
            },
            "model_parameters": {
                "learning_rate": 0.09225557522596131,
                "n_estimators": 1385,
                "max_depth": 6,
                "max_leaves": 96,
                "min_child_weight": 1.700802729855356,
                "gamma": 0.288505826496531,
                "subsample": 0.7161929160225442,
                "colsample_bytree": 0.579526424530964,
                "colsample_bylevel": 0.9228076869762171,
                "reg_lambda": 4.993252158583977,
                "reg_alpha": 0.39313767090092067,
                "max_bin": 769
            },
            "metrics": {
                "total_return": 218.44802575461762,
                "sharpe_ratio": 0.27966099142630213,
                "win_rate": 56.46900269541779,
                "max_drawdown": -11.166652801556886,
                "cagr": 491.5549628342439,
                "mar": 44.01990207537481,