{
    "optimization_date": "2025-09-15 22:39:53",
    "top_parameters": [
        {
            "trial_number": 1424,
            "score": 50.20321549612927,
            "model_parameters": {
                "learning_rate": 0.052034373268719104,
                "n_estimators": 573,
                "max_depth": 4,
                "max_leaves": 118,
                "min_child_weight": 2.2554189565444287,
                "gamma": 0.39620197190428014,
                "subsample": 0.7716330710235559,
                "colsample_bytree": 0.4552534031994014,
                "colsample_bylevel": 0.5585336359399052,
                "reg_lambda": 1.3361179800413345,
                "reg_alpha": 0.13634346865852903,
                "max_bin": 634
            },
            "metrics": {
                "total_return": 5020.321549612927,
                "sharpe_ratio": 0.6997188347423331,
                "win_rate": 69.59847036328873,
                "max_drawdown": -34.56779941021107,
                "trade_count": 523
            }
        },
        {
            "trial_number": 2371,
            "score": 50.07144830283191,
            "model_parameters": {
                "learning_rate": 0.06299316184774414,
                "n_estimators": 1142,
                "max_depth": 4,
                "max_leaves": 115,
                "min_child_weight": 4.135770695742673,
                "gamma": 0.2803666418340914,
                "subsample": 0.7143308319098493,
                "colsample_bytree": 0.437341954276615,
                "colsample_bylevel": 0.8828715117490524,
                "reg_lambda": 1.2324098228090836,
                "reg_alpha": 0.03196502592230064,
                "max_bin": 703
            },
            "metrics": {
                "total_return": 5007.144830283191,
                "sharpe_ratio": 0.6280958272672323,
                "win_rate": 65.74746008708273,
                "max_drawdown": -51.49324698115,
                "trade_count": 689
            }
        },
        {
            "trial_number": 1026,
            "score": 49.32043883957774,
            "model_parameters": {
                "learning_rate": 0.07307544373200824,
                "n_estimators": 981,
                "max_depth": 4,
                "max_leaves": 56,
                "min_child_weight": 2.4717427889045602,
                "gamma": 0.3153055744967949,
                "subsample": 0.7208693485324638,
                "colsample_bytree": 0.4511911407081289,
                "colsample_bylevel": 0.5366310702793563,
                "reg_lambda": 1.643243141074366,
                "reg_alpha": 0.18278744118922124,
                "max_bin": 535
            },
            "metrics": {
                "total_return": 4932.043883957774,
                "sharpe_ratio": 0.6531231827794468,
                "win_rate": 66.94772344013491,
                "max_drawdown": -42.63102055734138,
                "trade_count": 593
            }
        },
        {
            "trial_number": 1999,
            "score": 47.67866450725618,
            "model_parameters": {
                "learning_rate": 0.06096118844570306,
                "n_estimators": 986,
                "max_depth": 3,
                "max_leaves": 116,
                "min_child_weight": 0.6372916951547253,
                "gamma": 0.35005410154030436,
                "subsample": 0.725769643517252,
                "colsample_bytree": 0.424413901809631,
                "colsample_bylevel": 0.9010458447943961,
                "reg_lambda": 1.2242335764926942,
                "reg_alpha": 0.23459293716234073,
                "max_bin": 669
            },
            "metrics": {
                "total_return": 4767.866450725618,
                "sharpe_ratio": 0.6705983963598212,
                "win_rate": 68.52886405959032,
                "max_drawdown": -34.73042234873333,
                "trade_count": 537
            }
        },
        {
            "trial_number": 2018,
            "score": 47.43202750559983,
            "model_parameters": {
                "learning_rate": 0.06541341242633586,
                "n_estimators": 1097,
                "max_depth": 3,
                "max_leaves": 114,
                "min_child_weight": 0.7438146577770157,
                "gamma": 0.3507451275562619,
                "subsample": 0.7115940403965686,
                "colsample_bytree": 0.41759285836564664,
                "colsample_bylevel": 0.8968139917796231,
                "reg_lambda": 1.2895290063488978,
                "reg_alpha": 0.1907753528999647,
                "max_bin": 696
            },
            "metrics": {
                "total_return": 4743.202750559983,
                "sharpe_ratio": 0.6685699685419075,
                "win_rate": 68.24817518248175,
                "max_drawdown": -34.73494104182207,
                "trade_count": 548
            }
        },
        {
            "trial_number": 1557,
            "score": 46.9228273456529,
            "model_parameters": {
                "learning_rate": 0.11075709539870554,
                "n_estimators": 759,
                "max_depth": 4,
                "max_leaves": 96,
                "min_child_weight": 0.9688585706446087,
                "gamma": 0.30080648596251225,
                "subsample": 0.7416483566857539,
                "colsample_bytree": 0.44473592260907163,
                "colsample_bylevel": 0.9345557934915968,
                "reg_lambda": 2.2694622846009787,
                "reg_alpha": 0.07587175647053455,
                "max_bin": 332
            },
            "metrics": {
                "total_return": 4692.2827345652895,
                "sharpe_ratio": 0.615153298453083,
                "win_rate": 65.51724137931035,
                "max_drawdown": -53.244426778947606,
                "trade_count": 667
            }
        },
        {
            "trial_number": 2081,
            "score": 46.85946364121351,
            "model_parameters": {
                "learning_rate": 0.06323790317632813,
                "n_estimators": 1065,
                "max_depth": 4,
                "max_leaves": 114,
                "min_child_weight": 0.868394221466287,
                "gamma": 0.35614545235741496,
                "subsample": 0.7157888056448234,
                "colsample_bytree": 0.4312726992179295,
                "colsample_bylevel": 0.8893619712368093,
                "reg_lambda": 1.3215395876789477,
                "reg_alpha": 0.15298854819293073,
                "max_bin": 638
            },
            "metrics": {
                "total_return": 4685.946364121351,
                "sharpe_ratio": 0.6674626884982757,
                "win_rate": 68.38235294117648,
                "max_drawdown": -34.703341716840455,
                "trade_count": 544
            }
        },
        {
            "trial_number": 653,
            "score": 46.78298733145462,
            "model_parameters": {
                "learning_rate": 0.06424231574631767,
                "n_estimators": 502,
                "max_depth": 5,
                "max_leaves": 124,
                "min_child_weight": 4.342250739769407,
                "gamma": 0.3447369407980867,
                "subsample": 0.689413490921404,
                "colsample_bytree": 0.4723150014463027,
                "colsample_bylevel": 0.9338256422029018,
                "reg_lambda": 2.0702734213708744,
                "reg_alpha": 0.40378121266818345,
                "max_bin": 872
            },
            "metrics": {
                "total_return": 4678.298733145462,
                "sharpe_ratio": 0.6693577793750037,
                "win_rate": 68.31858407079646,
                "max_drawdown": -38.21303495456186,
                "trade_count": 565
            }
        },
        {
            "trial_number": 2319,
            "score": 46.204854964402145,