{
    "optimization_date": "2025-09-14 20:40:15",
    "top_parameters": [
        {
            "trial_number": 1174,
            "score": 383.58981780458663,
            "parameters": {
                "min_risk_percentage": 0.018193997619464653,
                "max_risk_percentage": 0.8396903321522786,
                "risk_scaling_factor": 2.3336616807215136,
                "risk_reward_ratio": 1.5016122471326743,
                "min_predicted_move": 0.009653821215830177,
                "partial_take_profit": 0.7879261282151514,
                "min_holding_period": 9,
                "max_holding_period": 10,
                "max_concurrent_trades": 9,
                "stop_loss_atr_multiplier": 3.8680612209950582,
                "atr_predicted_weight": 0.8151555981889735,
                "window_fraction": 0.4708537463076716,
                "retrain_fraction": 0.6189803475731429,
                "calculated_window_size": 27025,
                "calculated_retrain_interval": 16727
            },
            "metrics": {
                "total_return": 38358.981780458664,
                "sharpe_ratio": 0.6864007195005005,
                "win_rate": 64.34634974533107,
                "max_drawdown": -53.854408724574256,
                "trade_count": 589
            }
        },
        {
            "trial_number": 1143,
            "score": 339.595392395841,
            "parameters": {
                "min_risk_percentage": 0.019723477040918435,
                "max_risk_percentage": 3.56319939526138,
                "risk_scaling_factor": 2.2507708714478714,
                "risk_reward_ratio": 1.5265093477903,
                "min_predicted_move": 0.009903404828495265,
                "partial_take_profit": 0.7894972055105117,
                "min_holding_period": 9,
                "max_holding_period": 10,
                "max_concurrent_trades": 9,
                "stop_loss_atr_multiplier": 3.881261641084029,
                "atr_predicted_weight": 0.7977293740705687,
                "window_fraction": 0.47085280203080043,
                "retrain_fraction": 0.646504837991031,
                "calculated_window_size": 27025,
                "calculated_retrain_interval": 17471
            },
            "metrics": {
                "total_return": 33959.5392395841,
                "sharpe_ratio": 0.6792631402566235,
                "win_rate": 64.19965576592082,
                "max_drawdown": -53.09752131939385,
                "trade_count": 581
            }
        },
        {
            "trial_number": 1127,
            "score": 274.1961139825717,
            "parameters": {
                "min_risk_percentage": 0.019281220876033296,
                "max_risk_percentage": 3.541086587017123,
                "risk_scaling_factor": 2.3160965786035983,
                "risk_reward_ratio": 1.5019917622253387,
                "min_predicted_move": 0.009551373493810189,
                "partial_take_profit": 0.8042298356169234,
                "min_holding_period": 9,
                "max_holding_period": 10,
                "max_concurrent_trades": 9,
                "stop_loss_atr_multiplier": 3.9963987138040817,
                "atr_predicted_weight": 0.8235475978798056,
                "window_fraction": 0.4759653926341253,
                "retrain_fraction": 0.665652032997788,
                "calculated_window_size": 27318,
                "calculated_retrain_interval": 18184
            },
            "metrics": {
                "total_return": 27419.611398257173,
                "sharpe_ratio": 0.66653075419537,
                "win_rate": 64.34108527131784,
                "max_drawdown": -51.69099788254869,
                "trade_count": 516
            }
        },
        {
            "trial_number": 1130,
            "score": 253.95834354399616,
            "parameters": {
                "min_risk_percentage": 0.01930302158840199,
                "max_risk_percentage": 4.506237666437222,
                "risk_scaling_factor": 2.3483327920134736,
                "risk_reward_ratio": 1.501142757576814,
                "min_predicted_move": 0.009791895519341783,
                "partial_take_profit": 0.798158570896478,
                "min_holding_period": 9,
                "max_holding_period": 10,
                "max_concurrent_trades": 9,
                "stop_loss_atr_multiplier": 3.8996862649252297,
                "atr_predicted_weight": 0.8144933108728987,
                "window_fraction": 0.4748192515312397,
                "retrain_fraction": 0.6493319730677939,
                "calculated_window_size": 27252,
                "calculated_retrain_interval": 17695
            },
            "metrics": {
                "total_return": 25395.834354399616,
                "sharpe_ratio": 0.6688732161211083,
                "win_rate": 65.00994035785288,
                "max_drawdown": -54.358879249544664,
                "trade_count": 503
            }
        },
        {
            "trial_number": 1135,
            "score": 250.6089854599906,
            "parameters": {
                "min_risk_percentage": 0.018482637274649553,
                "max_risk_percentage": 5.4303695301697,
                "risk_scaling_factor": 2.281736489247291,
                "risk_reward_ratio": 1.5421879953194317,
                "min_predicted_move": 0.009774815404410055,
                "partial_take_profit": 0.7855447025103349,
                "min_holding_period": 9,
                "max_holding_period": 10,
                "max_concurrent_trades": 9,
                "stop_loss_atr_multiplier": 3.9285050771738526,
                "atr_predicted_weight": 0.7827784377495097,
                "window_fraction": 0.47346943991285867,
                "retrain_fraction": 0.662254525831482,
                "calculated_window_size": 27175,
                "calculated_retrain_interval": 17996
            },
            "metrics": {
                "total_return": 25060.89854599906,
                "sharpe_ratio": 0.661509730744187,
                "win_rate": 64.41947565543072,
                "max_drawdown": -50.63005897417432,
                "trade_count": 534
            }
        },
        {
            "trial_number": 869,
            "score": 245.91969171736542,
            "parameters": {
                "min_risk_percentage": 0.016342166125053813,
                "max_risk_percentage": 0.45615738977175624,
                "risk_scaling_factor": 2.4901782330076028,
                "risk_reward_ratio": 1.6159750532813024,
                "min_predicted_move": 0.008559561157613284,
                "partial_take_profit": 0.7586246471974019,
                "min_holding_period": 10,
                "max_holding_period": 11,
                "max_concurrent_trades": 8,
                "stop_loss_atr_multiplier": 3.8338944599580143,
                "atr_predicted_weight": 0.9789295528586519,
                "window_fraction": 0.45277094848066296,
                "retrain_fraction": 0.7700848892799466,
                "calculated_window_size": 25987,
                "calculated_retrain_interval": 20012
            },
            "metrics": {
                "total_return": 24591.969171736542,
                "sharpe_ratio": 0.642586832368464,
                "win_rate": 64.39393939393939,
                "max_drawdown": -57.279113033006546,
                "trade_count": 528
            }
        },
        {
            "trial_number": 1148,
            "score": 244.30075886692913,
            "parameters": {
                "min_risk_percentage": 0.019084950672936963,
                "max_risk_percentage": 1.9602324764199528,
                "risk_scaling_factor": 2.2950707245063873,
                "risk_reward_ratio": 1.5429894580080867,
                "min_predicted_move": 0.009809869541389479,
                "partial_take_profit": 0.7943341471710574,
                "min_holding_period": 9,