{
    "optimization_date": "2025-11-09 18:13:31",
    "top_parameters": [
        {
            "trial_number": 2264,
            "score": 2715.0466133951422,
            "trading_parameters": {
                "min_risk_percentage": 0.20926163541341056,
                "max_risk_percentage": 0.7454636143165049,
                "risk_scaling_factor": 1.687209300056079,
                "risk_reward_ratio": 1.5243017377060415,
                "min_predicted_move": 0.009251335191221122,
                "partial_take_profit": 0.7578576636124249,
                "min_holding_period": 6,
                "max_holding_period": 94,
                "max_concurrent_trades": 4,
                "stop_loss_atr_multiplier": 3.8144228221199077,
                "atr_predicted_weight": 0.3207444855006768,
                "aggressiveness": 4.769133771374405,
                "feature_count_k": 28,
                "window_fraction": 0.4466231869118847,
                "calculated_window_size": 26654
            },
            "model_parameters": {
                "learning_rate": 0.09531158995737082,
                "n_estimators": 806,
                "max_depth": 3,
                "max_leaves": 32,
                "min_child_weight": 3.9575884432878152,
                "gamma": 0.1462577523554158,
                "subsample": 0.6433981400455924,
                "colsample_bytree": 0.5190536248420126,
                "colsample_bylevel": 0.6148249285501425,
                "reg_lambda": 1.5239773039126334,
                "reg_alpha": 0.9082001315714298
            },
            "metrics": {
                "total_return": 4289.0609480708445,
                "sharpe_ratio": 0.8370845103751382,
                "win_rate": 54.39121756487027,
                "max_drawdown": -12.475724618719452,
                "cagr": 33872.173875704655,
                "mar": 2715.0466133951422,
                "trade_count": 1002
            }
        },
        {
            "trial_number": 2007,
            "score": 2433.5653995417356,
            "trading_parameters": {
                "min_risk_percentage": 0.20122888966476984,
                "max_risk_percentage": 0.7396318283390759,
                "risk_scaling_factor": 1.6862728314168742,
                "risk_reward_ratio": 1.5243734846766328,
                "min_predicted_move": 0.009106827152756332,
                "partial_take_profit": 0.7866919975156814,
                "min_holding_period": 6,
                "max_holding_period": 97,
                "max_concurrent_trades": 3,
                "stop_loss_atr_multiplier": 3.8227157359628867,
                "atr_predicted_weight": 0.3056950474804994,
                "aggressiveness": 4.878482096991175,
                "feature_count_k": 34,
                "window_fraction": 0.4293280812528166,
                "calculated_window_size": 25622
            },
            "model_parameters": {
                "learning_rate": 0.10148169731314953,
                "n_estimators": 826,
                "max_depth": 3,
                "max_leaves": 42,
                "min_child_weight": 4.1490902270754635,
                "gamma": 0.1367587793049762,
                "subsample": 0.6987340013661735,
                "colsample_bytree": 0.5177700067325763,
                "colsample_bylevel": 0.6103468767322302,
                "reg_lambda": 0.5756467923098914,
                "reg_alpha": 1.06887093749166
            },
            "metrics": {
                "total_return": 3928.1035624207434,
                "sharpe_ratio": 0.8485792262320324,
                "win_rate": 55.172413793103445,
                "max_drawdown": -12.189304631030428,
                "cagr": 29663.469994549494,
                "mar": 2433.5653995417356,
                "trade_count": 812
            }
        },
        {
            "trial_number": 1757,
            "score": 2389.816682396874,
            "trading_parameters": {
                "min_risk_percentage": 0.20103078449723613,
                "max_risk_percentage": 0.7455935515232955,
                "risk_scaling_factor": 1.7834660607739075,
                "risk_reward_ratio": 1.5504220265295812,
                "min_predicted_move": 0.009268770952293552,
                "partial_take_profit": 0.7709635080493314,
                "min_holding_period": 6,
                "max_holding_period": 95,
                "max_concurrent_trades": 3,
                "stop_loss_atr_multiplier": 3.9290981470633826,
                "atr_predicted_weight": 0.2871315944747334,
                "aggressiveness": 4.617489950173365,
                "feature_count_k": 18,
                "window_fraction": 0.4130018653721126,
                "calculated_window_size": 24647
            },
            "model_parameters": {
                "learning_rate": 0.09635143301876424,
                "n_estimators": 834,
                "max_depth": 3,
                "max_leaves": 39,
                "min_child_weight": 4.34333814293568,
                "gamma": 0.13114781011905294,
                "subsample": 0.6766813952154015,
                "colsample_bytree": 0.5264468950936578,
                "colsample_bylevel": 0.6132443764115342,
                "reg_lambda": 0.6147700988946146,
                "reg_alpha": 0.9171292638634427
            },
            "metrics": {
                "total_return": 3988.0653069036016,
                "sharpe_ratio": 0.8522233142488216,
                "win_rate": 56.714471968709255,
                "max_drawdown": -12.699309889595611,
                "cagr": 30349.022629083196,
                "mar": 2389.816682396874,
                "trade_count": 767
            }
        },
        {
            "trial_number": 1493,
            "score": 2372.340118344001,
            "trading_parameters": {
                "min_risk_percentage": 0.10795047382011451,
                "max_risk_percentage": 0.7455005037032206,
                "risk_scaling_factor": 1.7409875634382095,
                "risk_reward_ratio": 1.5236879600116955,
                "min_predicted_move": 0.009284704964695628,
                "partial_take_profit": 0.7785063057008255,
                "min_holding_period": 5,
                "max_holding_period": 97,
                "max_concurrent_trades": 3,
                "stop_loss_atr_multiplier": 3.6820115452697135,
                "atr_predicted_weight": 0.3386269321662811,
                "aggressiveness": 4.775554107727871,
                "feature_count_k": 25,
                "window_fraction": 0.4402738794813695,
                "calculated_window_size": 26275
            },
            "model_parameters": {
                "learning_rate": 0.11362749034567346,
                "n_estimators": 802,
                "max_depth": 3,
                "max_leaves": 48,
                "min_child_weight": 3.801499078595686,
                "gamma": 0.2151300148226086,
                "subsample": 0.6995399784003018,
                "colsample_bytree": 0.5306791856243831,
                "colsample_bylevel": 0.5668856117846944,
                "reg_lambda": 1.2403309604056674,
                "reg_alpha": 0.9887030822901941
            },
            "metrics": {
                "total_return": 3813.2856372297333,
                "sharpe_ratio": 0.8902451161570992,
                "win_rate": 60.70901033973413,
                "max_drawdown": -11.957020669044438,
                "cagr": 28366.11982904255,
                "mar": 2372.340118344001,
                "trade_count": 677
            }
        },
        {
            "trial_number": 1208,
            "score": 2352.6884119404253,
            "trading_parameters": {
                "min_risk_percentage": 0.1022236663887585,
                "max_risk_percentage": 0.742613772868639,
                "risk_scaling_factor": 1.728778811996097,
                "risk_reward_ratio": 1.5291859886479793,
                "min_predicted_move": 0.008364962898894069,