{
    "Trend_Quality": 0.32959574460983276,
    "Deviation_MA_10": 0.23502925038337708,
    "Price_Momentum": 0.15597470104694366,
    "MA_Oscillator_10": 0.09360998123884201,
    "Volatility_Adjusted_Momentum": 0.08278923481702805,
    "Rolling_Std_10": 0.010356703773140907
}